15aa277b1054cdcdf7fc018e3a3abe2df7a1691b	M.L. Littman:R.S. Sutton:S. Singh	S. Mahadevan	T. Makino:T. Takagi	R. Parr:C. Painter-Wakefield:L. Li:M. Littman	E.J. Rafols:M.B. Ring:R.S. Sutton:B. Tanner	S. Singh:M.R. James	R.S. Sutton	R.S. Sutton:A.G. Barto	R.S. Sutton:E.J. Rafols:A. Koop	R.S. Sutton:B. Tanner	B. Tanner:R.S. Sutton	D. Wingate	B. Wolfe:M.R. James:S. Singh
ddf1ea128fbc14a203c3b3d44d0135bb4dc33ffe	E. Acar:B. Yener	A. Aldroubi:M. Unser	M. Arigovindan:M. Suehling:P. Hunziker:M. Unser	G. Baumgartner:E. Auer:D.E. Bernholdt:A. Bibireata:D. Cociorva:X. Gao:S. Krishnan:R.J. Harrison:C. chung Lam:Q. Lu:M. Nooijen	R.E. Blahut	P. Comon	A. Einstein	L. Elden	I.P. Gavrilyuk:W. Hackbusch:B.N. Khoromskij	B. Guoan:Z. Yonghong	R.A. Harshman	J.H. Heinbockel	W. Hongcheng:N. Ahuja	T.G. Kolda:B.W. Bader	L.D. Lathauwer:B.D. Moor	L.D. Lathauwer:B.D. Moor:J. Vandewalle	D. Leibovici:R. Sabatier	R.E. Lynch:J.R. Rice:D.H. Thomas	C.M. Martin	D. Muti:S. Bourennane	V. Pereyra:G. Scherer	K. Raghavachari	Y. Saad:H.A. van der Vorst	B. Savas:L. Elden	M.W. Schmidt:K.K. Baldridge:J.A. Boatz:S.T. Elbert:M.S. Gordon:J.H. Jensen:S. Koseki:N. Matsunaga:K.A. Nguyen:S. Su:T.L. Windus:M. Dupuis:J.A. Montgomery	R. Smilde A. Bro:P. Geladi	L.R. Tucker	M. Vasilescu:D. Terzopoulos
97a6613da7eeb0ac4f70ae2e3b793364c794e6dc	L.G. Brown	C. Davatzikos	C. Davatzikos	Y. Ge:J. Udupa:L. Nyul:L. Wei:R. Grossman	A.A. Goshtasby	Y. Guo:R. Sivaramakrishna:C.-C. Lu:J. Suri:S. Laxminarayan	E. Haber:J. Modersitzki	J. Hajnal:D. Hill:D. Hawkes	B. Horn	J. Kybic:M. Unser	G.N. Laszlo:K.U. Jayaram	H. Lester:S. Arridge	J.B.A. Maintz:M.A. Viergever	J. Modersitzki	S. Periaswamy:H. Farid	D. Rueckert:L. Sonoda:C. Hayes:D. Hill:M. Leach:D. Hawkes	P. Thévenaz:M. Unser	L. Zagorchev:A. Goshtasby	H. Zhou:T. Liu:F. Lin:Y. Pang:J. Wu	B. Zitova:J. Flusser
13050adb7aa8aaf2e1c38f2b2c7e3d070358d261	S. Dolev	S.T. Huang:N.S. Chen	A. Kosowski:L. Kuszner	C. Johnen:S. Tixeuil	B. Awerbuch:B. Patt-Shamir:G. Varghese	E. Kushilevitz:R. Ostrovsky:A. Rosén	A. Bui:D. A:F. Petit:V. Villain	A. Cournier:S. Dubois:V. Villain	A. Cournier:S. Dubois:V. Villain	W. Edsger Dijkstr	J. Burns:M. Gouda:R. Miller	P.M. Merlin:P.J. Schweitzer	M. Bertier:F. Bonnet:A.M. Kermarrec:V. Leroy:S. Peri:M. Raynal	J. Aspnes:G. Shah	E. Caron:F. Desprez:F. Petit:C. Tedeschi	E. Caron:A. Datta:F. Petit:C. Tedeschi
d3ba6b48f62e2fe1802efb46c3799362572eeb1d	R.R. Bahadur:R. Ranga Rao	P. Billingsley	T. Bonald:A. Proutiere:J. Roberts	D.D. Botvich:N.G. Duffield	J.-Y. Le Boudec	J. Cao:K. Ramanan	C.-S. Chang	C.-S. Chang:W. Song:Y.-M. Chiu	F. Ciucu:A. Burchard:J. Liebeherr	C. Courcoubetis:R.R. Weber	R.L. Cruz	R.L. Cruz	D.J. Daley:D. Vere-Jones	D. Eun:N.B. Shroff	V. Firoiu:J.-Y. Le Boudec:D. Towsley:Z.L. Zhang	A. Girard:C. Rosenberg:H. Cho	J. Guibert:A. Simonian	F. Guillemin:N. Likhanov:R. Mazumdar:C. Rosenberg:Y. Ying	F.M. Guillemin:N. Likhanov:R.R. Mazumdar:C.P. Rosenberg	P. Henrici	W. Hoeffding	G. Kesidis:T. Konstantopoulos	G. Kesidis:T. Konstantopoulos	L. Kleinrock	T. Konstantopoulos:G. Last	N. Likhanov:R.R. Mazumdar	M. Mandjes:J.H. Kim	L. Massoulié	L. Massoulié:A. Busson	R. Syski	M. Vojnovic:J.-Y. Le Boudec	M. Vojnovic:J.-Y. Le Boudec	D. Wischik	Y. Ying:R. Mazumdar:C. Rosenberg:F. Guillemin
fd906edf5833d0d506a220097ced14a03ff40a73	N. Andelman:M. Feldman:Y. Mansour	Elliot Anshelevich:Anirban Dasgupta:Jon Kleinberg:Eva Tardos:Tom Wexler:Tim Roughgarden	R.J. Aumann	A. Bogomolnaia:M.O. Jackson	G. Chalkiadakis:E. Elkind:M. Polukarov:N.R. Jennings	G. Demange	A. Fabrikant:A. Luthra:E. Maneva:C.H. Papadimitriou:S. Shenker	D. Gusfield:R.W. Irving	H. Konishi:M. Le Breton:S. Weber	E. Koutsoupias:C. Papadimitriou	R.B. Myerson	N. Nisan:T. Roughgarden:E. Tardos:V. Vazirani
45705e7cf3337e2469b5dbcaa31579c28bde89d1	Raef Bassily:Adam Smith:Abhradeep Thakurta	J. Eric Bickel	Glenn W. Brier	Yang Cai:Constantinos Daskalakis:Christos H. Papadimitriou	Kamalika Chaudhuri:Claire Monteleoni:Anand D. Sarwate	Yiling Chen:Stephen Chong:Ian A. Kash:Tal Moran:Salil Vadhan	Rachel Cummings:Katrina Ligett:Aaron Roth:Zhiwei Steven Wu:Juba Ziani	Ofer Dekel:Felix Fischer:Ariel D. Procaccia	Cynthia Dwork:Frank McSherry:Kobbi Nissim:Adam Smith	Cynthia Dwork:Guy N. Rothblum:Salil Vadhan	Lisa K. Fleischer:Yu-Han Lyu	Arpita Ghosh:Katrina Ligett:Aaron Roth:Grant Schoenebeck	Arpita Ghosh:Aaron Roth	Thibaut Horel:Stratis Ioannidis:S. Muthukrishnan	Justin Hsu:Zhiyi Huang:Aaron Roth:Tim Roughgarden:Zhiwei Steven Wu	Stratis Ioannidis:Patrick Loiseau	Michael Kearns:Mallesh Pai:Aaron Roth:Jonathan Ullman	Donald Knuth	Katrina Ligett:Aaron Roth	Frank McSherry	Nolan Miller:Paul Resnick:Richard Zeckhauser	Kobbi Nissim:Claudio Orlandi:Rann Smorodinsky	Kobbi Nissim:Salil Vadhan:David Xiao	Javier Perote:Juan Perote-Pena	Roman Vershynin
41b3a5272d0c8f98b73e7275481cd917802ad8b7	S. Angelopoulos:R. Dorrigiv:A. López-Ortiz	L. Becchetti:E. Koutsoupias	R. Berinde:G. Cormode:P. Indyk:M.J. Strauss	J. Boyar:L.M. Favrholdt	J. Boyar:L.M. Favrholdt:K.S. Larsen	J. Boyar:S. Gupta:K.S. Larsen	J. Boyar:S. Gupta:K.S. Larsen	J. Boyar:S. Irani:K.S. Larsen	J. Boyar:K.S. Larsen:A. Maiti	E. Cohen:M.J. Strauss	G. Cormode:M. Hadjieleftheriou	R. Dorrigiv:A. López-Ortiz	R. Dorrigiv:A. López-Ortiz	Y. Giannakopoulos:E. Koutsoupias	A.R. Karlin:M.S. Manasse:L. Rudolph:D.D. Sleator	D.D. Sleator:R.E. Tarjan
b5e6da04c35a586609a46bbbd7b1ad031a658b08	A. Abur:A.G. Exposito	D.S. Bernstein	R. Carli:A. Chiuso:L. Schenato:S. Zampieri	F.S. Cattivelli:C.G. Lopes:A.H. Sayed	F.S. Cattivelli:A.H. Sayed	Y. Censor	S. Demko:W.F. Moss:P.W. Smith	D.M. Falcao:F.F. Wu:L. Murphy	C.D. Godsil:G.F. Royle	G.H. Golub:C.F. van Loan	R. Gordon:R. Bender:G.T. Herman	W. Jiang:V. Vittal: Heydt	S. Kaczmarz	Y. Liu:M.K. Reiter:P. Ning	C.G. Lopes:A.H. Sayed	C.G. Lopes:A.H. Sayed	D.G. Luenberger	J. Meserve	A. Monticelli	 NERC	F. Pasqualetti:R. Carli:A. Bicchi:F. Bullo	M.G. Rabbat:R.D. Nowak	C. Rakpenthai:S. Premrudeepreechacharn:S. Uatrongjit:N. R. Watson	A.H. Sayed:C.G. Lopes	I. Schizas:A. Ribeiro:G. Giannakis	I.D. Schizas:G. Mateos:G.B. Giannakis	F.C. Schweppe:J. Wildes	F.C. Schweppe:J. Wildes	F.C. Schweppe:J. Wildes	M. Shahidehpour:Y. Wang	S.S. Stankovic:M.S. Stankovic:D.M. Stipanovic	K. Tanabe	L. Xie:Y. Mo:B. Sinopoli	L. Zhao:A. Abur
0eb7343cdd90265282bd261c0e48cf2fd73ea465	D.G. Albertson:J.N. Thomson	L.A.N. Amaral:A. Scala:M. Barthelemy:H.E. Stanley	A.L. Barabasi:R. Albert	A.L. Barabasi:Z.N. Oltvai	R. Ferrer Cancho:C. Janssen:R.V. Sole	C. Cherniak	C. Cherniak	D.B. Chklovskii:T. Schikorski:C.F. Stevens	J.W. Clark:A.T. Eggebrecht	R. Douglas:K. Martin	V.M. Eguiluz:D.R. Chialvo:G. Cecchi:M. Baliki:A.V. Apkarian	P. Fromherz	Seth Copen Goldstein:Mihai Budiu	S. Haykin	R. Ferrer i Cancho:R.V. Sole	 Infineon	H. Jeong:B. Tombor:R. Albert:Z.N. Oltvai:A.L. Barabasi	M. Kaiser:C.C. Hilgetag	M. Kimura:K. Saito:N. Ueda	N. Mathias:V. Gopal	S. Morita:K.-I. Oshio:Y. Osana:Y. Funabashi:K. Oka:K. Kawamura	M.E.J. Newman	K. Oshio:Y. Iwasaki:S. Morita:Y. Osana:S. Gomi:E. Akiyama:K. Omata:K. Oka:K. Kawamura	P. Rakic	O. Sporns	O. Sporns:D.R. Chialvo:M. Kaiser:C.C. Hilgetag	S. Valverde:R. Ferrer Cancho:R.V. Sole	D.J. Watts:S.H. Strogatz	J.G. White:E. Southgate:J.N. Thomson:S. Brenner	G. Zeck:P. Fromherz
030cadedef2370bd296af07fc3324c6bb8409ba5	H.-K. Ahn:M. de Berg:P. Bose:S.-W. Cheng:D. Halperin:J. Matoušek:O. Schwarzkopf	M.A. Armstrong	L. Chen:S. Chou:T. Woo	H. Edelsbrunner:M. Facello:J. Liang	M.C. Fields:D.C. Anderson	V. Guillemin:A. Pollack	S.K. Gupta:W.C. Regli:D.S. Nau	J. Han:A. Requicha	J.G. Hocking:G.S. Young	A. Laurentini	W. Regli:S. Gupta:D. Das:D. Nau	J.J. Shah	J.J. Shah:M. Mäntylä	M. Soss:G. Toussaint	S.B. Tor:A.E. Middleditch	Marc van Kreveld
31368c6398a34b489f78708039177d858b171d13	J. Kim	G. Casella:R.L. Berger	K. Fullam:K.S. Barber	M. Gómez:J. Carbó:C.B. Earle	C.-W. Hang:Y. Wang:M.P. Singh	M. Harbers:R. Verbrugge:C. Sierra:J. Debenham	C.J. Hazard	C.J. Hazard:M.P. Singh	T.D. Huynh:N.R. Jennings:N.R. Shadbolt	A. Jøsang	A. Jøsang	A. Jøsang:R. Ismail	A. Jøsang:R. Ismail:C. Boyd	R. Jurca:B. Faltings	B. Khosravifar:M. Gomrokchi:J. Bentahar	O. Mistry:A. Gürsel:S. Sen	S. Paradesi:P. Doshi:S. Swaika	A.D. Procaccia:Y. Bachrach:J.S. Rosenschein	S. Ries:A. Heinemann	J. Sabater:C. Sierra	J. Sabater:C. Sierra	M. Sensoy:J. Zhang:P. Yolum:R. Cohen	M.J. Smith:M. desJardins	W.T.L. Teacy:J. Patel:N.R. Jennings:M. Luck	G. Vogiatzis:I. MacGillivray:M. Chli	Y. Wang:J. Vassileva	Y. Wang:M.P. Singh	Y. Wang:M.P. Singh	Y. Wang:M.P. Singh	C. Watkins:P. Dayan	F. Wilcoxon	B. Yu:M.P. Singh	G. Zacharia:P. Maes
6ee7d70f2dbfc0d45fbf20485f82a9ed7e175725	J. Deng:W. Dong:R. Socher	A. Krizhevsky:I. Sutskever:G. Hinton	R. Girshick:J. Donahue:T. Darrell:J. Malik	M. Everingham:L. Van Gool:C.K.I. Williams:J. Winn:A. Zisserman		G.B. Huang:V. Jain:E. Learned-Miller	G.B. Huang:M.A. Mattar:H. Lee:E. Learned-Miller	C. Liu:J. Yuen:A. Torralba	J. Liu:P.N. Belhumeur	T. Berg:P.N. Belhumeur	P.N. Belhumeur:D.W. Jacobs:D.J. Kriegman:N. Kumar	Y. Yang:D. Ramanan	M. Sun:S. Savarese	X. Zhu:D. Ramanan	L. Bourdev:J. Malik	G. Gkioxari:B. Hariharan:R. Girshick:J. Malik	G. Gkioxari:P. Arbelaez:L. Bourdev:J. Malik	Y. LeCun:B. Boser:J.S. Denker:D. Henderson:R.E. Howard:W. Hubbard:L.D. Jackel	Y. Lecun:L. Bottou:Y. Bengio:P. Haffner	J. Donahue:Y. Jia:O. Vinyals:J. Hoffman:N. Zhang:E. Tzeng:T. Darrell	P. Sermanet:K. Kavukcuoglu:S. Chintala:Y. LeCun	A. Toshev:C. Szegdy	A. Jain:J. Tompson:M. Andriluka:G.W. Taylor:C. Bregler	M.D. Zeiler:R. Fergus	C. Szegedy:W. Zaremba:I. Sutskever:J. Bruna:D. Erhan:I. Goodfellow:R. Fergus	P. Fischer:A. Dosovitskiy:T. Brox	Y. Jia:E. Shelhamer:J. Donahue:S. Karayev:J. Long:R. Girshick:S. Guadarrama:T. Darrell	C. Vondrick:A. Khosla:T. Malisiewicz:A. Torralba	P. Felzenszwalb:D. P. Huttenlocher	P. Felzenszwalb:D. Huttenlocher	E. Jones:T. Oliphant:P. Peterson	Y. Yang:D. Ramanan	D.G. Lowe	P. Sermanet:D. Eigen:X. Zhang:M. Mathieu:R. Fergus:Y. LeCun	J. Uijlings:K. van de Sande:T. Gevers:A. Smeulders	A. Vedaldi:B. Fulkerson
5268d3d7f15ffa9c6a904a138b2b2794263c856e	S. Arora:B. Bollobás:L. Lovász	E. Asgeirsson:C. Stein	E. Asgeirsson:C. Stein	R. Bar-Yehuda:S. Even	Moses Charikar	I. Dinur:S. Safra	Eran Halperin	B. Harb	J. Hastad	D.S. Hochbaum	D.S. Hochbaum	G. Karakostas	S. Khot	S. Khot:O. Regev	J. Kleinberg:M. Goemans	B. Monien	B. Monien:E. Speckenmeyer	G.L. Nemhauser:Jr. L.E. Trotter
3521f22e34fef8a53d55df180a76df5a7a4e7f87	E. Adar:L. Zhang:L.A. Adamic:R.M. Lukose	A. Dieberger:P. Dourish:K. Hk:P. Resnick:A. Wexelblat	S.A. Golder:B.A. Huberman	T. Hayward	H. Kautz:B. Selman:M. Shah	J.A. Konstan:B.N. Miller:D. Maltz:J.L. Herlocker:L.R. Gordon:J. Riedl	K. Lerman	K. Lerman:A. Galstyan	K. Lerman:Chris V. Jones:A. Galstyan:Maja J. Mataric	K. Lerman:Laurie Jones	K. Lerman:A. Martinoli:A. Galstyan	K. Maney	C. Marlow:M. Naaman:d. boyd:M. Davis	A. Martinoli:K. Easton:W. Agassounon	P. Mika	L. Page:S. Brin:R. Motwani:T. Winograd	A. Papoulis	S. Perugini:M. Andr Gonalves:E.A. Fox	K. Rose	K. Rose	J. Warren:J. Jurgensen
bcae858633935c727739a73447b50b40b7c52794	Filippo Arrichiello:Gianluca Antonelli:Antonio Pedro Aguiar:Antonio Pascoal	Pedro Batista:Carlos Silvestre:Paulo Oliveira	Pedro Batista:Carlos Silvestre:Paulo Oliveira	Ming Cao:Changbin Yu:Brian D.O. Anderson	Sandra H. Dandach:Barış Fidan:Soura Dasgupta:Brian D.O. Anderson	Maurice F. Fallon:Georgios Papadopoulos:John J. Leonard:Nicholas M. Patrikalakis	A.S. Gadre:D.J. Stilwell	Robert Hermann:Arthur J. Kerner	Giovanni Indiveri:Paola Pedone:Michele Cuccovillo	Jerome Jouffroy:Johan Reger	Jerome Jouffroy:Andrew Ross	Zaher M. Kassas:Todd E. Humphreys	Toshihiro Maki:Takumi Matsuda:Takashi Sakamaki:Tamaki Ura:Junichi Kojima	A. Martinelli:R. Siegwart	Gianfranco Parlangeli:Paola Pedone:Giovanni Indiveri	Wilson J. Rugh	Jorge M. Soares:A. Pedgro Aguiar:Antonio M. Pascoal:Alcherio Martinoli	Sarah E. Webster:Jeffrey M. Walls:Louis L. Whitcomb:Ryan M. Eustice	Xun S. Zhou:Stergios I. Roumeliotis
6f9167ddb392a43a7e36a2df1feefa184d82763e	P.A. Estevez:P. Vera:K. Saito	M. Kimura:K. Saito:R. Nakano	M. Kimura:K. Saito:R. Nakano:H. Motoda	Y. Zhang:Z. Wang:C. Xia	M.N. Moussa:C.D. Vechlekar:J.H. Burdette:M.R. Steen:C.E. Hugenschmidt:P.J. Laurienti	O. Sporns	A.N. Langville:C.D. Meyer	L. Page:S. Brin:R. Motwani:T. Winograd	T. Arodz:B. Bonchev	J. Heidemann:M. Klier:F. Probst	T.N. Dinh:D.T. Nguyen:M.T. Thai	O. Hinz:C. Schulze:C. Takac	R. Iyengar:C. Van den Bulte:T.W. Valente	M.Y. Cheung:C. Luo:C.L. Sia:H. Chen	J.A. Chevalier:D. Mayzlin	N.S. Koh:N. Hu:E.K. Clemons	D.-H. Park:J. Lee:I. Han	J. Yang:C. Yao:W. Ma:G. Chen	M. Richardson:P. Domingos	F. Probst:D.-K. L. Grosswiele:D.-K. R. Pfleger	D. Kempe:J. Kleinberg:E. Tardos	W. Chen:Y. Wang:S. Yang	D. Chen:Linyuan Lü:M.-S. Shang:Y.-C. Zhang:T. Zhou	C. Gao:D. Wei:Y. Hu:S. Mahadevan:Y. Deng	D. Wei:X. Deng:X. Zhang:Y. Deng:S. Mahadevan	L.C. Freeman	R.S. Burt	P. Bonacich:P. Lloyd	D. Katsaros:P. Basaras	J. Liu:Y. Li:Z. Ruan:G. Fu:X. Chen:R. Sadiq:Y. Deng	J. Golbeck	L. Katz	H. Yu:P.M. Kim:E. Sprecher:V. Trifonov:M. Gerstein	J. Scott:P.J. Carrington	S. Brin:L. Page	S. Fortunato:M. Boguna:A. Flammini:F. Menczer	J. Heidemann:M. Klier:F. Probst	C.C. Aggarwal	L. Lü:Y.-C. Zhang:C.H. Yeung:T. Zhou	Q. Li:T. Zhou:L. Lü:D. Chen	M. Kitsak:L.K. Gallos:S. Havlin:F. Liljeros:L. Muchnik:H.E. Stanley:H.A. Makse	M. Hirschey	S. Gao:J. Ma:Z. Chen:G. Wang:C. Xing
8ecd49c474b701f69d962f8337490c7f342266c3	S.H. Lim:P. Minero:Y.H. Kim	P. Minero:S.H. Lim:Y.H. Kim	Y.H. Kim:A. Sutivong:T. Cover	C. Choudhuri:Y.H. Kim:U. Mitra	C. Choudhuri:Y.H. Kim:U. Mitra	P. Cuff:H. Permuter:T. Cover
bdb1b4128730838eb2fed83829f46a9077eca9f7	A.E. Fernando:K.A. Landman:M.J. Simpson	M.J. Simpson:R.E. Baker:S.W. McCue	M. Burger:M. Di Francesco:J.-F. Pietschmann:B. Schlake	M. Burger:B. Schlake:M. Wolfram	M.J. Lighthill:G.B. Whitham	M. Burger:P.A. Markowich:J.-F. Pietschmann	M. Burger:M.D. Francesco:P.A. Markowich:M. Wolfram	M.J. Simpson:A. Merrifeld:K.A. Landman:B.D. Hughes	V.J. Blue:J.L. Adler	C. Burstedde:K. Klauck:A. Schadschneider:J. Zittartz	C. Cercignani	R.H. Risch	M. Bronstein	J.F. Ritt	E. Kolchin	G.H. Campbell	A.H. Bilge	M. Rosenkranz:G. Regensburger	M. Rosenkranz:G. Regensburger:L. Tec:B. Buchberger	C.G. Raab		F. Boulier:F. Lemaire:G. Regensburger:M. Rosenkranz	F. Boulier:A. Korporal:F. Lemaire:W. Perruquetti:A. Poteaux:R. Ushirobira	K. Anguige:C. Schmeiser
a98488969aed4d6add1115ce18c19c89b4826a92	D.J. Fleet:A.D. Jepson	A. Basarab:H. Liebgott:P. Delachartre	A. Basarab:P. Gueth:H. Liebgott:P. Delachartre	M. Elshinawy:M. Chouikha	J. Elshinawy:M. Zeng: LO: Chouika	I. Kokkinos:G. Evangelopoulos:P. Maragos	P. Tay	A. Belaid:D. Boukerroui:Y. Maingourd:J.F. Lerallut	M. Felsberg:G. Sommer	V. Murray:M.S. Pattischis:E.S. Barriga:P. Soliz	T. Qian	N.E. Huang:Z. Wu:S.R. Long:K.C. Arnold:K. Blank:T.W. Liu	P.V. Rodriguez:M.S. Pattischis	R.A. Carmona:W.L. Hwang:B. Torrésani	R.A. Carmona:W.L. Hwang:B. Torrésani	I. Daubechies:S. Maes	F. Auger:P. Flandrin	N.E. Huang:Z. Shen:S.R. Long:S.C. Wu:H.H. Shih:Q. Zheng:N.C. Yen:C.C. Tung:H.H. Liu	P. Flandrin:G. Rilling:P. Goncalves	G. Rilling:P. Flandrin	I. Daubechies:J. Lu:H.-T. Wu	H.T. Wu:P. Flandrin:I. Daubechies	S. Meignen:T. Oberlin:S. Mclaughlin	T. Bülow:G. Sommer	Y. Yang:T. Qian:F. Sommen	S.C. Olhede:G. Metikas	M. Unser:D. Van De Ville	J.-P. Antoine:R. Murenzi:P. Vandergheynst	S.C. Olhede:G. Metikas	S. Jaffard:Y. Meyer:R.D. Ryan	H. Triebel	A. Sudberry	E.M. Stein
2942516df2695e73365e78a51e8bbe9ea1397f8f	C.C. Aggarwal:P.S. Yu	F. Angiulli:R. Ben-Eliyahu-Zohary:G. Ianni:L. Palopoli	F. Angiulli:F. Fassetti	F. Angiulli:G. Greco:L. Palopoli	F. Angiulli:C. Pizzuti	F. Angiulli:R.B.-E. Zohary:L. Palopoli	F. Angiulli:R.B.-E. Zohary:L. Palopoli	R. Ben-Eliyahu:R. Dechter	R. Ben-Eliyahu-Zohary:R. Gudes:G. Ianni	M.M. Breunig:H. Kriegel:R.T. Ng:J. Sander	V. Chandola:A. Banerjee:V. Kumar	N. Chawla:N. Japkowicz:A. Kotcz	B. Duval:P. Nicolas	D. Hawkins	V.J. Hodge:J. Austin	H.A. Kautz:B. Selman	E. Knorr:R. Ng	H.-P. Kriegel:M. Schubert:A. Zimek	F. Liu:K. Ting:Z.-H. Zhou	T. Mitchell	C.H. Papadimitriou	S. Papadimitriou:H. Kitagawa:P.B. Gibbons:C. Faloutsos	R. Reiter	B. Schölkopf:C. Burges:V. Vapnik	W. Shen:K. Ong:B. Mitbander:C. Zaniolo	P.-N. Tan:M. Steinbach:V. Kumar
9ba994ddf01d2431c6c8de129b3a5a7797e5a5e6	Y. Afek:G. Korland:E. Yanovsky	M. Aiger:C.M. Kirsch	E.D. Berger:K.S. McKinley:R.D. Blumofe:P.R. Wilson	A.T. Clements:M.F. Kaashoek:N. Zeldovich	M. Dodds:A. Haas:C.M. Kirsch	J. Evans	W. Gloger	Google Inc.	A. Haas:T.A. Henzinger:A. Holzer:C.M. Kirsch:M. Lippautz:H. Payer:A. Sezgin:A. Sokolova:H. Veith	A. Hass:T.A. Henzinger:C.M. Kirsch:M. Lippautz:H. Payer:A. Sezgin:A. Sokolova	D. Hendler:I. Incze:N. Shavit:M. Tzafrir	T.A. Henzinger:C.M. Kirsch:H. Payer:A. Sezgin:A. Sokolova	M. Herlihy:N. Shavit	R.L. Hudson:B. Saha:A.-R. Adl-Tabatabai:B.C. Hertzberg	Intel Corporation	A. Kogan:E. Petrank	 Larson: Krishnan	D. Lea	Lockless Inc.	M.M. Michael	M.M. Michael	MicroQuill Inc.	S. Schneider:C.D. Antonopoulos:D.S. Nikolopoulos	K. Serebryany:D. Bruening:A. Potapenko:D. Vyukov	R.K. Treiber	P.R. Wilson:M.S. Johnstone:M. Neely:D. Boles
a14feb1f5d1f35815eca17c91365a728a27ade94	E. Cantú-Paz:S. Newsam:C. Kamath	J. Bins:J. Draper:B.A. Draper	L. Yu:C. Ding:S. Loscalzo	R. Bekkerman:R.E. Yaniv:N. Tishby:Y. Winter	G. Forman:I. Guyon:A. Elisseeff	I. Rodriguez-Lujan:R. Huerta:C. Elkan:C.S. Cruz	R. Chitta:M. Narasimha Murty	J.B. MacQueen	H. Yu:J. Yang:J. Han	B. Zhang:S. Srihari	D. Lee:A. Gray	H. Liu:L. Yu	W.-H. Au:K.C.C. Chan:A.K.C. Wong:Y. Wang	R. Jornsten:B. Yu	H. Peng:F. Long:C. Ding	Y.Y. Yao	P. Ganesh Kumar:T. Aruldoss Albert Victoire:P. Renukadevi:D. Devaraj	M. Tan:L. Wang:I.W. Tsang	Y. Zhai:M. Tan:Y.S. Ong:I.W. Tsang	R.-E. Fan:K.-W. Chang:C.-J. Hsieh:X.-R. Wang:C.-J. Lin
2e939ed3bb378ea966bf9f710fc1138f4e16ef38	V. Agarwal	O. Bardou:N. Frikha:G. Pagès	N. Bäuerle:J. Ott	J. Baxter:P.L. Bartlett	D.P. Bertsekas	V. Borkar:R. Jain	V. S. Borkar	J.A. Boyan	H. David	H. Flanders	M. Fu	T. Furmston:D. Barber	V. Gabillon:M. Ghavamzadeh:B. Scherrer	P.W. Glynn	P.W. Glynn	L.J. Hong:G. Liu	G. Iyengar:A. Ma	S. Kakade	H. Kushner:G. Yin	P. Marbach:J.N. Tsitsiklis	T. Morimura:M. Sugiyama:H. Kashima:H. Hachiya:T. Tanaka	J. Peters:S. Schaal	L. Prashanth:M. Ghavamzadeh	L. Prashanth	R.T. Rockafellar:S. Uryasev	R.Y. Rubinstein:D.P. Kroese	O. Scaillet	R.S. Sutton:A.G. Barto	R.S. Sutton:D. McAllester:S. Singh:Y. Mansour	A. Tamar:D. Di Castro:S. Mannor	C. Thiery:B. Scherrer	J.N. Tsitsiklis:B.Van Roy
2a2b8a525eae19087cc0248a45a8e17de44b021f	O. Somekh:S. Shamai	N. Levy:S. Shamai	V.R. Cadambe:S.A. Jafar	K. Gomadam:V.R. Cadambe:S.A. Jafar	T. Gou:S.A. Jafar	V.R. Cadambe:S.A. Jafar	C. Suh:D. Tse	B.C. Jung:W.-Y. Shin	B.C. Jung:W.-Y. Shin	S.-H. Hur:B.C. Jung:B.D. Rao	B.C. Jung:D. Park:W.-Y. Shin	H.J. Yang:W.-Y. Shin:B.C. Jung:A. Paulraj	R. Knopp:P. Humblet	P. Viswanath:D.N.C. Tse:R. Laroia	M. Sharif:B. Hassibi	L. Li:M. Pesavento:A.B. Gershman	T. Yoo:N. Jindal:A. Goldsmith	S. Cui:A.M. Haimovich:O. Somekh:H.V. Poor	W.-Y. Shin:S.Y. Chung:Y.H. Lee	T.W. Ban:W. Choi:B.C. Jung:D.K. Sung	T. Tang:Jr. R.W. Heath:S. Cho:S. Yun	Z. Wang:M. Ji:H.R. Sadjapour:J.J. Garcia-Luna-Aceves	D.E. Knuth	
765f6ca92d5c228847c2ceb37b756ecf980c95a4	L.J. Bannon	L.J. Bannon:S. Bødker	J. Bardzell:S. Bardzell	S. Bardzell	S. Bødker	A. Dunne	M. Foucault	M. Foucault	M. Foucault	B. Friedman:H. Nissenbaum	S. Mills	C. Rith:H. Dubberly	S. Turkle
10a1e6233fce78a5c6bd3a40cca3e9298da55abe	R. Balzer	D. Batory:S. OMalley	D. Batory:S. OMalley	D. Batory:B. Lofaso:Y. Smaragdakis	D. Batory:G. Chen:E. Robertson:T. Want	D. Batory	D. Batory:R.E. Lopez-Herrejon:J.-P. Martin	D. Batory:J. Liu:J.N. Sarvela	I. Baxter	P.A. Bernstein:T. Bergstraesser:J. Carlson:S. Pal:P. Sanders:D. Shutt	M. Bidoit:P.D. Mosses	A. Bossi	G. Bracha:W. Cook	R. Burstall:J. Goguen	R. Cardone:C. Lin	C. Clifton:G.T. Leavens:C. Chambers:T. Millstein	E.W. Dijkstra	H. Ehrig:B. Mahr	H. Ehrig:B. Mahr	I. Forman:S. Danforth	M. Flatt:S. Krishnamurthi:M. Felleisen	J. Gray:T. Bapty:S. Neema:J. Tuck	M. Griss	W. Harrison:H. Ossher	W. Harrison:C. Barton:M. Raghavachari	A. Hein:M. Schlick:R. Vinga-Martins	G.J. Holzmann	D. Jackson:I. Shlyakhter:M. Sridharan	M. Jackson:P. Zave	J. Liu:D. Batory	R.E. Lopez-Herrejon:D. Batory	K.C. Kang:S. Cohen:J. Hess:W. Novak:S. Peterson	G. Kiczales:J. Lamping:A. Mendhekar:C. Maeda:C. Lopes:J. Loingtier:J. Irwin	H. Li:S. Krishnamurthi:K. Fisler	M. Mezini:K. Lieberherr	S. McDirmid:M. Flatt:W.C. Hsieh	S.J. Mellor:A.N. Clark:T. Futagami	M. Nenninger:F. Nickl	H. Ossher:P. Tarr	D. Perry	C. Prehofer	C. Prehofer	T. Reenskaug	D. Sannella	Y. Smaragdakis:D. Batory	J. Sztipanovits:G. Karsai	K.J. Sullivan:D. Notkin	P. Tarr:H. Ossher:W. Harrison:S.M. Sutton Jr.	Univ. of Texas Center for Agile Technology	M. VanHilst:D. Notkin	A. vanDeursen:P. Klint	D. Weiss:C.T.R. Lai	M. Wirsing	W.A. Wolf:M. Shaw:P.N. Hilfinger:L. Flon	P. Zave
1ad4974c4d79b00c890bd2dd1562600bd9c7e2bd	A. Agresti:B.A. Coull	M. Berland:E. Charniak	A. Bies:M. Ferguson:K. Katz:R. MacIntyre	A. Boyd:W. Gegg-Harrison:D. Byron	E. Charniak:M. Johnson	N. Chinchor	P. Cimiano:L. Schmidt-Thieme:A. Pivk:S. Staab	J.C. Clemente:K. Torisawa:K. Satou	J. Cohen	M. Collins	K. Davidse	A.C. Davidson:D.V. Hinkley	M. Denber	B. Di Eugenio:M. Glass	B. Efron:R. Tibshirani	R. Evans	R. Evans	C. Fellbaum	B. Geurts:R. van der Sandt	P.S. Green:K. Hecht	J. Gundel:N. Hedberg:R. Zacharski	J.K. Gundel	Z. Hamawand	M.A. Hearst	N. Hedberg	N. Hedberg	G. Kaltenböck	A. Kilgarriff	A. Kilgarriff:G. Grefenstette	M. Krifka	K. Krippendorff	K. Lambrecht	S. Lappin:H.J. Leass	M.P. Marcus:M.A. Marcinkiewicz:B. Santorini	K. Markert:M. Nissim	K. Markert:M. Nissim:N.N. Modjeska	A. Metcalf:D.K. Barnhart	R. Mitkov	R. Mitkov:R. Evans:C. Orasan	C. Müller	D.L. Nanni	V. Ng:C. Cardie	E.W. Noreen	C.D. Paice:G.D. Husk	S. Petrov:L. Barrett:R. Thibaux:D. Klein	M. Poesio:T. Ishikawa:S.S. im Walde:R. Vieira	J. Sinclair	C. Sloat	C.J. van Rijsbergen	F. Xia:M. Palmer
45099df43a2692bb4eea8ec12b331bb827403d57	R. Agrawal:M.J. Carey:M. Livny	N.S. Barghouti:G.E. Kaiser	P.A. Bernstein:V. Hadzilacos:N. Goodman	A. Biliris:S. Dar:N. Gehani:H. Jagadish:K. Ramamritham	M.J. Carey:M.J. Franklin:M. Zaharioudakis	M.J. Carey:M. Livny	P.A. Franaszek:J.T. Robinson:A. Thomasian	M. Franklin	J. Gray:A. Reuter	D.B. Lomet	M.T. Özsu	A. Thomasian
9e59d03fbb534832ced523250ee429f41893ab39	S. Lian:Z. Liu:R. Zhen	P. Lafourcade	Veronique Cortier:Stephanie Delaune:Pascal Lafourcade	S.A. Weis	T. ElGamal	W.B. Lee:C. Wua:W.J. Tsaur	E.J. Yoon:E.K. Ryu:K.Y. Yoo	S.J. Hwang:Y.H. Lee	R. Agrawal:A. Evfimievski:R. Srikant	W. Diffie:M. Hellman	Y. Tsiounis:M. Yung	U.M. Maurer	T. Okamoto:K. Sakurai:H. Shizuya	Y.Z. Ding:D. Harnik:A. Rosen	M. Naor:B. Pinkas
2774393ecb042926ba7fa6957841853ffff0396d	S. Abney	N. Angelopoulos:A.D. Pierro:H. Wicklicky	C. Boutilier:N. Friedman:M. Goldszmidt:D. Koller	L. Dehaspe	A. Eisele	P. Haddaway	M. Jaeger	D. Koller:D. McAllester:A. Pfeffer	D. Koller:A. Pfeffer	K. Lari:S. Young	S. Lauritzen:D. Spiegelhalter	J. Lloyd	S. Muggleton	R. Ng:V. Subrahmanian	L. Ngo:P. Haddaway	S.D. Pietra:V.D. Pietra:J. Lafferty	S. Riezler	E. Shapiro	B. Thiesson:C. Meek:D. Chickering:D. Heckerman	S.K.M. Wong:C.J. Butz:Y. Xiang
aeb717fbb9aac3501236bce498cbf8b98f5d8926									Bruce Hahn	Debra A. Lelewer:Daniel S. Hirschberg	Frank Rubin	Gordon Linoff:Craig Stanfill	D.A. Huffman	James Shaw	Janet Fabri	 Madnick	Michael S. Mahoney	Rachel Morgan:Henry McGilton	Roberto Grossi:Ankur Gupta:Jeffrey Scott Vitter	Silberschatz Abraham:Peter Baer Galvin:Gerg Gagne	J. Ziv:A. Lempel
5f17cac51538fc860379e2a4887586757be6182e	J. Wang:Z. Yang:C. Pan:J. Song:L. Yang	M. Muck:M. de Courville:M. Debbah:P. Duhamel	H. Steendam:M. Moeneclaey	J. Song:Z. Yang	W. Zhang:Y. Guan	B. Muquet:Z. Wang:G.B. Giannaki:M. de Courville:P. Duhamel	J. Wang:J. Song:Z. Yang:L. Yang:Jun Wang	B. Song:L. Gui:Y. Guan:W. Zhang	S. Tang:F. Yang	S. Tang:K. Peng	F. Yang:J. Wang	F. Yang:K. Peng:J. Song:C. Pan:Z. Yang	M. Zhao:Z. Shi:M.C. Reed	M. Liu:M. Crussiere:J.-F. Helard	Y. Li	F. Tosato:P. Bisaglia	P. Hoeher:S. Kaiser:P. Robertson	C. Sgraja:J. Lindner	X. Dong:W.-S. Lu:A.C.K. Soong	 COST207
520633c68777988873f5aa011df45a5289c04217	S.G. Akl:G.T. Toussaint	N.M. Amato:F.P. Preparata	C.B. Barber:D.P. Dobkin:H. Huhdanpaa	T. Chan	T.M. Chan	B. Chazelle	W.F. Eddy	T. Jurkiewicz:P. Danilewski	D.G. Kirkpatrick:R. Seidel	A. Munshi	 NVIDIA	 NVIDIA	 NVIDIA	F.P. Preparata:S.J. Hong	A. Rueda:L. Ortega	R. Seidel	S. Srungarapu:D. Reddy:K. Kothapalli:P. Narayanan	M. Tang:J. yi Zhao:R. Tong:D. Manocha	J. White:K.A. Wortman
01ce0903206717ac40f9a26ce9478bdeff5c1262	R. Mesleh:H. Haas:C. Ahn:S. Yun	R. Mesleh:H. Haas:S. Sinanovic:C. Ahn:S. Yun	S. Sugiura:S. Chen:L. Hanzo	M. Di Renzo:H. Haas	M. Di Renzo:H. Haas	E. Basar:U. Aygolu:E. Panayirci:H.V. Poor	M.Z.A. Khan:B.S. Rajan	F. Oggier:J.C. Belfiore:E. Viterbo
2dd3138ebdaad92ace967fe7d2842937a5c729e4	A.-L. Barab´asi
05d1cee851e2d900ab78b3542237af4db84590fd	F. Baccelli:A.M. Makowski	A.G. Greenberg:B.D. Lubachevsky	R. Cuninghame-Green	G.J. Olsder	N.K. Krivulin	N.K. Krivulin	G. Cohen:P. Moller:J.-P. Quadrat:M. Viot
d9f69149832fa4ceb0ab3b0285863ae2c8977d2e	J. Baldwin:T. Martin:B. Pilsworth	C. Baral:M. Gelfond:N. Rushton	S. Benferhat:D. Dubois:H. Prade	R. Confalonieri:J.C. Nieves:J. Vázquez-Salceda	J.P. Delgrande:T. Schaub:H. Tompits:K. Wang	D. Dubois:J. Lang:H. Prade	D. Dubois:J. Lang:H. Prade	M. Gelfond:V. Lifzchitz	V. Lifzchitz	F. Lin:Y. Zhao	N. Madridás:O.-M. Aciego	P. Nicolas:L. Garcia:I. Stéphan:C. Lefèvre	D.V. Nieuwenborgh:D. Vermeir	J.C. Nieves:M. Osorio:U. Cortés	M. Osorio:J.A.N. Perez:J.R.A. Ramirez:V.B. Macias	H. Wan	L.A. Zadeh
50fb3680934ae424e4c73c18e9928e9741171d5b	L. Breiman	A. Chandra:X. Yao	A. Chandra:X. Yao	T.G. Dietterich	T.G. Dietterich	R. Esposito:L. Saitta	G. Folino:C. Pizzuti:G. Spezzano	Y. Freund:R. Schapire	C. Gagné:M. Parizeau	C. Gagné:M. Parizeau	R. Gilad-Bachrach:A. Navot:N. Tishby	I. Guyon:S. Gunn:M. Nikravesh:L. Zadeh	W.D. Hillis	J. Holland	J. Holmes:P. Lanzi:W. Stolzmann:S. Wilson	H. Iba	M. Keijzer:V. Babovic	Y. Liu:X. Yao:T. Higuchi	D. Newman:S. Hettich:C. Blake:C. Merz	J. Paredis	G. Paris:D. Robilliard:C. Fonlupt	C. Rudin:I. Daubechies:R.E. Schapire	R. Schapire:Y. Freund:P. Bartlett:W. Lee	D. Song:M.I. Heywood:A.N. Zincir-Heywood	V.N. Vapnik
246cd6090088e84f7b7ce85f94ad1969ad860118		H. Alt:E.M. Arkin:H. Brönnimann:J. Erickson:S.P. Fekete:C. Knauer:J. Lenchner:J.S.B. Mitchell:K. Whittlesey	P. Blanc:F. Falzon:E. Thomas	J.-D. Boissonnat:C. Wormser:M. Yvinec	L. Booth:J. Bruck:M. Franceschetti:R. Meester	J. Cortés:F. Bullo	A. Dimitromanolakis	P. Erdös:P. Turán	M. Karavelas:M. Yvinec	M. Overmars:M. de Berg:M. van Kreveld:O. Schwarzkopf	T. Nguyen:J.-D. Boissonnat:P. Blanc:F. Falzon:E. Thomas
152119fe816def89f825ac5b56e85b16530d0bbe	Sanjeev Arora:Boaz Barak	Robert Beals:Harry Buhrman:Richard Cleve:Michele Mosca:Ronald de Wolf	Dan Boneh:Özgür Dagdelen:Marc Fischlin:Anja Lehmann:Christian Schaffner:Mark Zhandry	Dan Boneh:Mark Zhandry		Ivan Damgård:Jakob Funder:Jesper Buus Nielsen:Louis Salvail	Ronald de Wolf	Albert Einstein:Boris Podolsky:Nathan Rosen	E. Farhi:J. Goldstone:S. Gutmann:M. Sipser	Oded Goldreich	Jonathan Katz:Yehuda Lindell	Michael Luby:Charles Rackoff	Michael A. Nielsen:Isaac L. Chuang	Moni Noar:Omer Reingold	Claude E. Shannon	Mark Zhandry
4699e2c09244f3496b1c202925618ccf732a617d	J. Alber:H.L. Bodlaender:H. Fernau:T. Kloks:R. Niedermeier	J. Alber:M.R. Fellows:R. Niedermeier	S. Arnborg:J. Lagergren:D. Seese	B.S. Baker	H. Bodlaender:F.V. Fomin:D. Lokshtanov:E. Penninkx:S. Saurabh:D.M. Thilikos	H.L. Bodlaender	R.B. Borie:R.G. Parker:C.A. Tovey	J. Chen:H. Fernau:A. Kanj:G. Xia	B. Courcelle		A. Dawar:M. Grohe:S. Kreutzer:N. Schweikardt	E.D. Demaine:F.V. Fomin:M. Hajiaghayi:D.M. Thilikos	E.D. Demaine:F.V. Fomin:M. Hajiaghayi:D.M. Thilikos	E.D. Demaine:M. Hajiaghayi			E.D. Demaine:M. Hajiaghayi	F. Dorn:F.V. Fomin:D.M. Thilikos	D. Eppstein		U. Feige:M. Hajiaghayi:J.R. Lee	F.V. Fomin:P.A. Golovach:D.M. Thilikos	F.V. Fomin:D. Lokshtanov:V. Raman:S. Saurabh	F.V. Fomin:D. Lokshtanov:S. Saurabh:D.M. Thilikos	F.V. Fomin:D.M. Thilikos	F.V. Fomin:D.M. Thilikos	R. Gandhi:S. Khuller:A. Srinivasan	M. Grohe	S. Khanna:R. Motwani	J. Kleinberg:A. Kumar	D.J. Kleitman:D.B. West	R.J. Lipton:R.E. Tarjan		N. Robertson:P.D. Seymour:R. Thomas
7e2677bb7c4b1c1bcb7bd89c79cfc17a9d955f48	D.J. Aldous	D. Blackwell:J.B. MacQueen	M.A. Carlton	B. Clarke:A. Barron		L. Davisson:A. Leon-Garcia	A. De Morgan		P. Diaconis:D. Freedman	E. Drukh:Y. Mansour	W.J. Ewens	T. Ferguson	W. Gale:K. Church	R. Gallager	I. Good	S. Karlin:J. McGregor	J.F.C. Kingman	J. Kingman			P. Laplace	D. McAllester:R. Schapire	A. Nadas	A. Orlitsky:N. Santhanam:K. Viswanathan:J. Zhang	A. Orlitsky:N. Santhanam:J. Zhang		A. Orlitsky:N. Santhanam:K. Viswanathan:J. Zhang	J. Pitman			J. Pitman:M. Yor	R. Ramamoorthi:K. Srikanth	B. Ya. Ryabko	B. Ryabko	N. Santhanam:V. Anantharam	N. Santhanam:M. Madiman	A.B. Wagner:P. Viswanath:S.R. Kulkarni	G.A. Watterson	S. Zabell		
4a59d7877aba1aa4f5a94758030f99989b2989dc	A. Narayanan:M. Moore	K.H. Han:J.H. Kim	Z. Michalwicz	M. Nielsen:I. Chuang	P. Jantos:D. Grzechca:J. Rutkowski	A. Slowik	L. Chomatek:M. Rudnicki	Ł. Jopek:R. Nowotniak:M. Postolski:L. Babout:M. Janaszewski	H. Talbi:M. Batouche:A. Draa	H. Talbi:M. Batouche:A. Draa	L. Wang:H. Wu:F. Tang:D.Z. Zheng	B.B. Li:L. Wang	Y.W. Jeong:J.B. Park:J.R. Shin:K.Y. Lee	T. Lau:C. Chung:K. Wong:T. Chung:S. Ho	L. Su-Hua:W. Yao-Wu:P. Lei:X. Xin-Yin	J.G. Vlachogiannis:K.Y. Lee	S. Jeżewski:M. Łaski:R. Nowotniak	G. Zhang	J.J. Grefenstette	R. Nowotniak:J. Kucharski	M.E.H. Pedersen	R. Nowotniak:J. Kucharski	S. Luke	D.E. Goldberg	K.H. Han:J.H. Kim	C.S. Perone	R. Durrett	R. Nowotniak:J. Kucharski	A. Manju:M.J. Nigam	John H. Holland	R. Nowotniak:J. Kucharski	H.H. Holger:T. Stützle
198dcf518298e0afe39d005da5320cfe840480c1	C.D. Charalambous:P.A. Stavrou	R.J. Elliot:L. Aggoun:J.B. Moore	R.S. Bucy	A.K. Gorbunov:M.S. Pinsker	C.D. Charalambous:P.A. Stavrou:N.U. Ahmed	J.L. Massey	M.S. Derpich:J. Østergaard	V. Gupta:A.F. Dana:J.P. Hespanha:R.M. Murray:B. Hassibi	S. Yuksel	S. Tatikonda:S. Mitter	J.S. Freudenberg:R.H. Middleton	S. Yuksel:S.P. Meyn	X. Feng:A. Loparo:Y. Fang	L. Guo:L. Yin:H. Wang:T. Chai	T. Berger	C.D. Charalambous:P.A. Stavrou	V. Solo	C.J. Quinn:T.P. Coleman:N. Kiyavash:N.G. Hatsopoulos	A.K. Gorbunov:M.S. Pinsker	P. Dupuis:R.S. Ellis	C.D. Charalambous:P.A. Stavrou	I. Csiszár	R.M. Gray	F. Rezaei:N.U. Ahmed:C.D. Charalambous	M. Gastpar:B. Rimoldi:M. Vetterli	R.E. Blahut
1e1ea21612a781634ae21271372b77cd19d09212	D. Aldous:P. Diaconis	D. Bryant:A. McKenzie:M. Steel	M. Carter:M. Hendy:D. Penny: Székely: Wormald	D.M. de Vienne:T. Giraud:O.C. Martin	E.F. Harding	E. Jousselin:S. Van Noort:V. Berry:J.-Y. Rasplus:N. Rønsted:J.C. Erasmus:J.M. Greeff	F.-J. Lapointe:L.J. Rissler	H.M. Mahmoud	D.M. Martin:B.D. Thatte	C. Semple:M. Steel	M.A. Steel:D. Penny	M.A. Steel:T. Warnow
d7e464a1e466fb04e72a961c24d10ecf65c20890	M. Ahluwalia:L. Bull	D. Andre:J.R. Koza:F.H. Bennett:M. Keane	P.J. Angeline	W.R. Ashby	G.C. Balan:S. Luke	W. Banzhaf:P. Nordin:R.E. Keller:F.D. Francone	A. Bonarini	J. Boyan:A. Moore	S. Brave	L. Bull	L. Bull	L. Bull:J. Hurst:A. Tomlinson	L. Bull:J. Hurst	L. Bull:T. OHara	L. Bull:R.J. Preen	Y. Cao:P. Wang:A. Tokuta	J. Casillas:B. Carse:L. Bull	G. Cattaneo:P. Flocchini:G. Mauri:C. Quaranta Vogliotti	J. Di:P.K. Lala	E. Di Paulo	R. Durbin:S.R. Eddy:A. Krogh:G.J. Mitchison	C. Ferreira	D.B. Fogel:P.J. Angeline	D.B. Fogel:A.J. Owens:M.J. Walsh	N. Geard:J. Wiles	C. Gershenson	Z. Ghahramani	A. Ghozeil:D.B. Fogel	L. Glass:S.A. Kauffman	I. Harvey:T. Bossomaier	F. Herrera	K. Hirasawa:M. Okubo:H. Katagiri:J. Hu:J. Murata	J.H. Holland	G.D. Howard:L. Bull:P.L. Lanzi	T.E. Ingerson:R.L. Buvel	C. Ioannides:W. Browne	W. Kantschik:W. Banzhaf	K. Kappler:R. Edwards:L. Glass	S.A. Kauffman	J.F. Knabe:C.L. Nehaniv:M.J. Schilstra:T. Quick	J.F. Knabe:M.J. Schilstra:C.L. Nehaniv	J.F. Knabe:M.J. Schilstra:C.L. Nehaniv	T. Kok:P. Wang	J.R. Koza	S. Landau:S. Picault:A. Drogoul	S. Landau:O. Sigaud:M. Schoenauer	W.B. Langdon	P.L. Lanzi	P.L. Lanzi	P.L. Lanzi	P.L. Lanzi	P.L. Lanzi:D. Loiacono:S.W. Wilson:D.E. Goldberg	P.L. Lanzi:A. Perrucci	P.L. Lanzi:S. Rocca:K. Sastry:S. Solari	P.L. Lanzi:S.W. Wilson	S.C. Lee:E.T. Lee	N. Lemke:J.C.M. Mombach:B.E.J. Bodmann	D. Loiacono:P.L. Lanzi	J.G. Marín-Blázquez:G.M. Perez:M.G. Perez	D. Mellor	B. Mesot:C. Teuscher	J.F. Miller	M. Mitchell:P.T. Hraber:J.P. Crutchfield	T. Mitchell	J.E. Moody:C. Darken	M.C. Mozer	K. Murphy:S. Mian	A. Orriols-Puig:J. Casillas:E. Bernadó-Mansilla	N. Packard	J. Pearl	T. Perkis	D.T. Pham:D. Karaboga	R. Poli:N.F. McPhee:L. Citi:E. Crane	R.J. Preen:L. Bull	J.C.F. Pujol:R. Poli	T. Quick:C. Nehaniv:K. Dautenhahn:G. Roberts	J. Ramírez-Ruiz:M. Valenzuela-Rendón:H. Terashima-Marín	C.A. Reiter	E. Santos	M. Schmidt:H. Lipson	H.P. Schwefel	S. Shirakawa:S. Ogino:T. Nagao	M. Sipper	M. Sipper:E. Ruppin	S.F. Smith	L. Spector:A. Robinson	M.C. Su:C.H. Chou: Lai: Lee	A. Teller	A. Teller:M. Veloso	A. Teller:M. Veloso	P. Thrift	A. Tomlinson	H.T. Tran:C. Sanza:Y. Duthen:T.D. Nguyen	A.M. Turing	M. Valenzuela-Rendón	M. Valenzuela-Rendón	J. Von Neumann	D. Walter:C.K. Mohan	C.J.C.H. Watkins	W.G. Wee:K.S. Fu	T. Werner:V. Akella	S.W. Wilson	S.W. Wilson	S.W. Wilson	S.W. Wilson	S.W. Wilson	S.W. Wilson	A. Wuensche	L.A. Zadeh
b58e020f6c9c834ba83f07322adc75f3756e087f	E. Gilbert	H. Lakkaraju:J. McAuley:J. Leskovec	K. Lerman	B. Nonnecke:J. Preece	R. Olson	T. Weninger:X.A. Zhu:J. Han
5c7eebc8ba8fe8df00f54496ab743ede61314419	T. Bayes	J.M. Bernardo	R. Carnap	B.S. Clarke:A.R. Barron	A. Chernov:M. Hutter	G.J. Chaitin	A. Chernov:M. Hutter:J. Schmidhuber	R. Cilibrasi:P.M.B. Vitanyi	R. Cilibrasi:P.M.B. Vitanyi	A.P. Dawid	J. Earman	P. Gacs	P. Gacs	M. Hutter:An. A. Muchnik	M. Hutter	M. Hutter	M. Hutter	M. Hutter	M. Hutter	M. Hutter	E.T. Jaynes	H. Jeffreys	H. Jeffreys	A.N. Kolmogorov	R.E. Krichevskiy	R.E. Kass:L. Wasserman	P. Laplace	L.A. Levin	M. Li:P.M.B. Vitanyi	A. Lempel:J. Ziv	P. Maher	N. Merhav:M. Feder	Markus Muller	J. Poland:M. Hutter	J. Poland:M. Hutter	J.J. Rissanen	J.J. Rissanen	J. Schmidhuber	J. Schmidhuber	J. Schmidhuber	R.J. Solomonoff	R.J. Solomonoff	V.N. Vapnik	P. Walley	C.S. Wallace	D.H. Wolpert:W.G. Macready	A.K. Zvonkin:L.A. Levin
8ab8bb8aa41151b85ab367f1152ff17cc17b87d1	A.V. Aho:J.E. Hopcroft:J.D. Ullman	Andre Bouchet	Binh-Minh Bui-Xuan:Michel Habib:Vincent Limouzy:Fabien de Montgolfier	Binh-Minh Bui-Xuan:Michel Habib:Vincent Limouzy:Fabien de Montgolfier	Binh-Minh Bui-Xuan:Michel Habib:Vincent Limouzy:Fabien de Montgolfier	Charles J. Colbourn:Derek G. Corneil	Derek G. Corneil:Yeloshua Perl:Lorna Stewart	Andrzej Ehrenfeucht:Tero Harju:Grzegorz Rozenberg	Shimon Even:Amir Pneuli:Abaham Lempel	Tibor Gallai	Martin Charles Golumbic	Ryan B. Hayward	Alain Hertz	Jan Kratochvíl	Casimir Kuratowski	Ross M. McConnell:Jeremy P. Spinrad	Fabien de Montgolfier:Michaël Rao	Fabien de Montgolfier:Michaël Rao	Sang-Il Oum	Sang-Il Oum	Amir Pnueli:Abaham Lempel:Shimon Even	D. Rotem:J. Urrutia	J.J. Seidel	R. Sritharan	Marc Tedder:Derek G. Corneil:Michel Habib:Christophe Paul
03a7d6e56d70018b355f4b3ee0f8c8a240bf89a2	I. Abraham:C. Gavoille:A. V. Goldberg:D. Malkhi	J.-Y. Le Boudec:M. Vojnovic	T.-H. Hubert Chan:Anupam Gupta:Bruce M. Maggs:Shuheng Zhou	Rodrigo Fonseca:Sylvia Ratnasamy:Jerry Zhao:Chen Tien Ee:David Culler:Scott Shenker:Ion Stoica	C. Gavoille	P. Gupta:P.R. Kumar	P. Gupta:P.R. Kumar	D.B. Johnson:D.A. Maltz:J. Broch	Brad Karp:H.T. Kung	Goran Konjevod:Andrea W. Richa:Donglin Xia	S.R. Kulkarni:P. Viswanath	Jinyang Li:John Jannotti:Douglas S.J. De Couto:David R. Karger:Robert Morris	Eytan Modiano:Devavrat Shah:Gil Zussman	C. Perkins:E.M. Royer	A. Rao:S. Ratnasamy:C. Papadimitriou:S. Shenker:I. Stoica	Martin Raab:Angelika Steger	G. Sharma:R. Mazumdar:N. Shroff	Kunal Talwar	D. Tschopp:S. Diggavi:M. Grossglauser:J. Widmer
8c1c76248e128c7e5789c7f0a9a89fbba17e4c11	J.E. Hirsch	A. Yong	P.D. Batista	L. Meho	C.T. Zhang	L. Egghe	A.M. Peterson:S. Succi	Google Scholar Blog	L. Bornmanna:R. Mutza:H.-D. Daniel	J.S. Vaidya	A. Flanagin:L.A. Carey:P.B. Fontanarosa:S.G. Phillips:B.P. Pace:G.D. Lundberg:D. Rennie	C. Holden	International Committee of Medical Journal Editors	L. Waltman
3717dc0dba9fdb13d1459ed4edf7955dce2e06b3	W. Domschke:A. Drexl	D. Kreher:D. Stinson	G. Lu	M. Mitchell	J. Nievergelt	D. Pan	S.E. Robertson	P. Schauble	A. Sutcliffe:M. Hare:A. Doubleday:M. Ryan	R. Vidal	E. Vorhees:D. Harman	M. Wechsler
