0012e0ba095c2d75cdfc79b9c9e2a4e4a6781132	Benjamin M. Marlin	Guillaume Bouchard	Kevin P. Murphy	Mohammad Emtiyaz Khan
00273ef0af172a8ae02c59bf49a9b09c22cc68fa	John H. Thornton Jr.	Liang Ding	Ruoming Jin	Victor E. Lee	Xiaoxi Du
0029ba078e2903d149dd1e7f45c3f71d36ce729b	Elisha J. Rosensweig	Jim Kurose
004af6a1df10947ffa3eec7ceb0687c6c79db0a3	Juan Antonio Carballo	Stephen W. Director
0062526e2c87d1fd47388c13050cbc2871f766db	Arturo Blas Jimenez	Giovanni Russello	Habib Naderi	Wannes van der Mark
00744271b1a9192e4bf4b8cb4b0ba915d827bb4c	Evgeniy Gabrilovich	Shaul Markovitch
0085c699cbf4323ff5d43818f382a8e9e4e832bc	Avrim Blum	H. Brendan McMahan
00e17bd820ffdddfeca041f31ae1691d18f6970c	Chuanren Liu	Fei Wang	Hui Xiong	Jianying Hu
0114fb72afbd9cc0bca35940beb21eda596aa5e0	Huiyang Zhou	Lisa Hsu	Mike Mantor	Norman Rubin	Ping Xiang	Qunfeng Dong	Yi Yang
01eb1294d629e348673ad5212fc5eda61dbc8a27	Francisco Flórez-Revuelta
0202a2cfc2a3e3ae82ea69781be100309f2325be	Allison Woodruff	James D. Thornton	Luke Plurkowski	Margaret H. Szymanski	Paul M. Aoki	Weilie Yi
024a6b8981750bbce913c8a8d13609be255944fd	Alexander Clark
027fcf15d4741bde974a127207f28b031536eb1d	Salvatore Ruggieri
03617650a45a0a29590418d09390a36de3060569	Kevin Knight	Radu Soricut	Sujith Ravi
03b31204f132962ac46a062fd7effeef8d90db6b	Francisco J. Quiles	José Luis Martínez	Pedro Cuenca	W. A. Rajitha Jayaruwan Weerakkody	Warnakulasuriya Anil Chandana Fernando
042084570ea390686fbe62a00ef59282da67419c	Adamantios Koumpis	Charalampos Karagiannidis	Constantine Stephanidis
05737e80116195486970bad275fe7a958d4a4bde	Eric Yu	Golnaz Elahi
05f0324f90fe684926fa36a701fbc6b5045af898	Sajib Dasgupta
06fdfa00ea6a51aafa8fe305d2d69f4b46973892	Donald J. Patterson	Kenneth Fishkin	Matthai Philipose	Mike Perkowitz
072cae4f4da9d9e810fcb30899a52954c04ccab7	Albert Greenberg	Jacobus E. van der Merwe	K. K. Ramakrishnan	N.G. Duffield	Partho Mishra	Pawan Goyal
075fe9b777adae7e59e125283ce3960f38e7257c	Barbara König	Filippo Bonchi	Ugo Montanari
07c09fd623e4f93752f8809e1ae0b02b9c251ca0	Amy Baylor	Daniel Warren	E Shen	Roberto Perez	Sanghoon Park
08245b3e5e1ee8d52d3311e22f8def725f3cd1c6	Azam Khan	George W. Fitzmaurice	Gordon Kurtenbach	Michael Tsang	Bill Buxton
0876622f6c7a068794d78aabdddf1e173137aa49	Amit Sahai	Eyal Kushilevitz	Rafail Ostrovsky	Sanjam Garg	Yuval Ishai
089ad394f9e0463c2f12e3d3cfbe8485485e6897	Anand A. Joshi	David W. Shattuck	Paul M. Thompson	Richard M. Leahy
08b8d9c9576a02c6efc5e8bf70b7ad6972973cda	Alexander Rauch	Giancarlo La Camera	Hans-R. Lüscher	Stefano Fusi	Walter Senn
08bc6fbb08945c35ec8e989df0ce05c98b09668b	Ben Lee	Hyuk-Chul Kwon	In-Su Yoon	Sang-Hwa Chung
08f624f7ee5c3b05b1b604357fb1532241e208db	Gabriel J. Brostow	Jamie Shotton	Julien Fauqueur	Roberto Cipolla
091621da1f4373b6d6f20a5024b729c43a1ae986	Erin Wolf Chambers	Yusu Wang
09437d40dc213ba1a942b233c37d447337f5c056	B.S. Manjunath	Emre Sargin	Pratim Ghosh
09e88460a9379a6cd979b3954f8c4d3bbb9de0dc	Hidetomo Nabeshima	Katsumi Inoue	Masakazu Ishihata	Taisuke Sato	Yoshitaka Kameya
0a395aa2965bcfeaa860c967971e5cb6c89bc035	Long Quan	Radu Horaud	Yves Dufournaud
0a86a047d18cd011dd8df23aad5bb42cf99cc941	Dragomir Radev	Jahna Otterbacher	Zhu Zhang
0ab9dc7290e2ba31028a535d19b66dc02aa492c5	Gérard Chollet	Hervé Bredin	Najim Dehak
0ad6ed8cc5e5a3d26e047f0c9478fd06f327da3b	F. Stortoni	F. Fioravanti	P. Nesi
0b225be92ba6aeb9b417eebf63f0e4a33c5cfe27	Alexander Metzner	Christian Herde	Ingo Stierand	Martin Fränzle
0b824c4ffe362bf2f8987232c9b5a8eb72f96f3b	Daisy Zhe Wang	Joseph M. Hellerstein	Michael J. Franklin	Michael L. Wick	Minos Garofalakis
0b8ecf769bfefc5daa0ca2cc2c8b097bf34c90a6	Jian Zhang	Rong Jin
0c45f23551a88db06af891dcdc633317fa64bc88	Olivier Le Meur
0caf94d184087e175245540a54cb10c16a4745fe
0cb49416099ba101c5fcb3eb6c957d45e106195a	David Sands	Delphine Demange
0cc37453fbc8297cc797bba5fb79abb2f0d1eded	Abbas Ebrahimi-Moghadam	Shahram Shirani
0d07b9746c3862b6263037ee405e4f7fcd6d51f6	Asaf Levin	Leah Epstein
0dda151030cd64198497ddfefd324fc1b57779d1	Srinivas Narayanan
0df395aa3e8c3ab10be1fee425b02782ed575d29	Joshua B. Tenenbaum	Thomas L. Griffiths
0e43f60727382032a620d3c08694c0a104005de3	Jiangtao Li	Ninghui Li
0e59c60eaee54e0db8171b5a2be12833c5cdf2ca	Deyu Meng	Ji Zhao	Lei Zhang	Zongben Xu
0e74a1690b540a45f864f933d89a1273446710ff	Thomas S. Huang	Xiang Sean Zhou
0e797d2c7163a77106bc0f4ab1cea76bb86cfd92	Akhilesh Saxena	Cristian Borcea	Deepa Iyer	Liviu Iftode	Porlin Kang
0e9806432739fb799a32acd49853d37c324bac03	Lionel Oisel	Luce Morin	Étienne Mémin
0eccc4496649f2c86a6d836c3ced3e36428af5e1	Alex J. Smola	Eleazar Eskin	S.V.N. Vishwanathan
0f8f492fb900141d88e0ddcf239107c6a2a27b42	Parth Malani	Qinru Qiu	Yang Ge
104f123a189fe58cd4e05335215cbfb073468079	Heiner Ackermann	Martin Hoefer	Petra Berenbrink	Simon Fischer
10a5765bd6efd776ea03084e6597b8de8cbcc6ae	Fei Li	Lei He	Yan Lin
10ab7743b6aebea3fa6a2b73809a1586b9d956c2	Libin Yang	Wei Lou
10d93f66a7bd213bd91d5ed48ec51c185275e4ad	Rajiv T. Maheswaran	Tamer Basar
113cf3a6c3b95943c8667b5fd0a6346f95c5b25c	Danny Dolev	Esti Yeger Lotem	Idit Keidar
12468e58d3a145449afc973c9f7b521a847c8a76	Fabrice Guillet	Henri Briand	Julien Blanchard	Régis Gras
12aced95ba4026bcd651e844a600150d92e18e58	Fukumi Kozato
12b1a4fff4f7def7f0e40aa0b0413ccec4e6b453	Chavalit Likitvivatanavong	James Bowen
12d037436e39a3ea8bf46f3ceb7a7078c8e7c73d	Chen-Wei Chou	Ja-Ling Wu	Kuei-Yi Hsieh	Ming-Chun Tien	Wei-Ta Chu	Yi-Tang Wang
12e1edc7a1775a764ab03aead7522c40b43963f8	Guilin Chen	Mahmut Kandemir
12facc1309f486a541d721134b2aaedc00570235	Dimitrios Makris	Tim Ellis
131870be9d65a2c43502870d18a603d4f64139e1	Cuong T. Vu	Damon M. Chandler
133955a22d7531b8658aa5830c02736be4f43b65	Dongyu Liu	Fei Li	Songqing Chen
1345349908904a0736a5849db3e4d924371052a7	Frederic T. Chong	Luke Theogarajan	Mohit Tiwari	Susmit Biswas	Timothy Sherwood
134fc2bb80a4521da5cedfb1fcd5901791c6f011	Changsheng Xu	Engsiong Chng	Jinjun Wang	Kongwah Wan	Lingyu Duan	Qi Tian
136744ee008dc534b4048337e76ff182ecdc1214	Clive Neal-Sturgess	Emma Carter	Steve Ebdon
147856e2a691489587efaa982468e7040c017b1c	Enrique Quintero-Marmol-Marquez	Hugo Estrada-Esquivel	Jose Torres-Jimenez	Marco Antonio Paz-Ramos
14a3304a40d6ef79e082055e7455d3c3de8b3dcf	Qiang Ji	Siqi Nie
153ea7038a52eb81b85d4ca66c754bf727ca6406	Emily Rocke	Martin Tompa
158cda9abd6e7a13318151503ee65407d7fd180a	Alexandre Masselot	Jacques Colinge	Jérôme Magnin
1597a40368c48f3da5d82ee584e0dec3b618df06	Rajit Manohar	Stephen Longfield Jr.
15e38e34b3360f59a33a06be63b7f73457915da5	Hongkun Yang	Simon S. Lam
1604bdf9a49a98a39218f909ee766a913c7a4721	Charlotte Truchet	Jean-Xavier Rampon	Mats Carlsson	Nicolas Beldiceanu
1677d29a108a1c0f27a6a630e74856e7bddcb70d	David Zhang	Lei Zhang	Meng Yang
16aeeae61701c74fdb3b560ec1ba7eef086bb4ce	Anil K. Jain	Umut Uludag
16c5fb6ff8dd31eac9cb7e4a6881f592f2758b16	Daphne Koller	Pawan Kumar
16c8bc97a022637ba53bab8be1b815a02e26b561	Joseph (Seffi) Naor	Nikhil Bansal	Niv Buchbinder
16f93683743c13c8ce3e6c9b0475f23832bb0754	Felipe Ortega	Oded Nov	Ofer Arazy
17283370adbedf8bca327ce4e43ccaf9182f3c0d	Kenneth Weiss	Leila De Floriani	Mohammed Mostefa Mesmoudi
176600b839d1f198831b1d43938f483784abb420	Daniel G. Goldstein	R. Preston McAfee	Siddharth Suri
17672157ae97ca104c956ad1a6312b71bd8ad038	Dinesh Manocha	John Keyser	Kenneth E. Hoff III	Ming Lin	Tim Culver
178eceeae8aed820b789d7b5e4e2ddd1cfa7c557	Antonio J. Fernández	Carlos Cotta	José E. Gallardo
17b6ef93649bfe4c273b531028ee4550fbc5ac0a	Jim Jing-Yan Wang
180b6f72a143c218f84d675fe42dc0d2b3e0152e	L. Mathieson	T. King	L. Branković
1820869030fca660212fb7a6449b6ad1aa99d9db	Cormac Flanagan	Stephen N. Freund
18879a57e4f01b6f7f642a99c72d82907e78fe94	Longin Jan Latecki	Xingwei Yang
197e2e4d2992484435b5323649668b10a9cce0a2	Jun Han	Ryszard Kowalczyk	Xuan Thang Nguyen
1990afd6d3c11cc6b7b9e272b3fe43dc8aed3138	Annie S. Wu	Dan C. Marinescu	Han Yu	Howard Jay Siegel	I-Jeng Wang	Rose A. Daley
19c94455ca5015a8a25e89ede1b6418645b57912	Philip Dawid	Sara Geneletti	Vanessa Didelez
19e851f2c61ffece4e5fada6deac7fecddd8792f	Darko Kirovski	Milenko Drinic	Miodrag Potkonjak
1a73a8e958cde8e96be43f94bca50b196b07d595	Dipankar Raychaudhuri	Gautam Bhanage	Ivan Seskar	Rajesh Mahindra
1a9eb04b9b07d4a58aa78eb9f68a77ade0199fab	Eli Shechtman	Lena Gorelick	Michal Irani	Moshe Blank	Ronen Basri
1aadad3872f7fe564a98a3d9205ba3c329594075	Bin Yu	Cuihong Li	Katia Sycara
1ab75f37d1ee196f1c1087fc95af79216ba826fe	Reinhard Moratz	Sabine Kröner
1aede27149f28f7590ca1b8ee8f926e7477cd5d4	André Koschmieder	Ulf Leser
1b802ca0a6dd56e8ebec34d16511cd83f8ef917d	Andreas Herzig	Omar Ri
1bca65a562c74e7b8012f8501b6ba0bff15e869a	Franco Zambonelli	Matteo Lasagni	Nicola Bicocchi
1c14996f9cbb1ea09f5dae69215a5ffe21a21ad9	Kevin Laframboise
1c222c9e0f65068bfc20620bc89f597ead4ecb0d	Anna Vögele	Björn Krüger	Max Hermann	Reinhard Klein
1c5714e75442b9d95d257e7a4349aabb1434417d	Arnaud Venet
1c734e6116ae58f33585aaa95833b166c7bc3372	An Zhu	Gagan Aggarwal	Rajeev Motwani	Rina Panigrahy	Tomás Feder
1c9f5134541064c99075f7a04155c5abe8d19956	Guillaume Theyssier	Laurent Boyer
1d10b433f7ba603c764f0d372694e685d6696ee0	Jiafeng Guo	Pan Du	Xueqi Cheng	Yadong Zhu	Yanyan Lan
1d69c28148bf39bcd3d0e0a92000ecee57c279ae	Constantinos K. Coursaris	Khaled Hassanein	Milena M. Head	Nick Bontis
1d84bdc5b236a10c557d16554efda4ae45ddf56c	Carlos Mosquera	David Vazquez-Padin	Fernando Pérez-González
1dfcb022f23cae23824032835fde88bd60f65f37	Arash Shokrani	Ioannis Lambadaris	Yannis Viniotis
1e1788ccee8fa4a21fa58f339852767076dc6246	David A. Smith	Jason Eisner
1e28589db62cfa8523da102491d680d38044fdf4	Kyung-Yong Chwa	Sang Won Bae
1e6f61c574fad2460d06d6f52295922f5c99857a	Christopher D. Manning	Dan Klein
1eb854ce0539b6fd18dbba942f52a80a735f5c8e	Chitra Dorai	Jae-Chang Shim	Ruud Bolle
1ef01e7bfab2041bc0c0a56a57906964df9fc985	Furu Wei	Ke Xu	Li Dong	Ming Zhou
1f37004245781d92f9cf3ae95a4fe0fd1899d3b3	Chuan Heng Foh	Ji Li	Lachlan L. H. Andrew	Moshe Zukerman
1f88013b75261a07b756212bd94340fbee0a6d08	Changqing Zou	Chen Cao	Jianzhuang Liu	Shifeng Chen
21729739e9b4c8ff55ddd31b427575319ecd4707	Daron Vroon	Gayatri Subramanian	Panagiotis Manolios
21d3c4aeebf81e8b4c5edd7cf745b3867b2bdbce	Fei Fang	Milind Tambe	Peter Stone
21d683dfe11e77949aede4e95f5260cb71ae2732	S H Srinivasan
21e8a6135c8a0e470e85a7577f1c49e5f55da48d	Jingwei Wang	Juanjuan Zhong	Xinbo Gao
2288515f75904bc3358f12319442fe643db57c24	Jan Kyncl	Josef Cibulka	Maria Saumell	Pavel Valtr	Sergio Cabello
22cf3081c679431714e8cbda55cd89c57678c3b8	Arnd Christian König	Ping Li	Wenhao Gui
23319dfe6652eb6bcdb678cb56ea3318443881f9	Christina Merten	Cristina Conati	Kasia Muldner	Saleema Amershi
2347ff467d9748989e2b546f20f7c31ab61b8517	Taiji Suzuki
240ea5cb0b741ad03df4b03c2f62ae5a5649f052	Ahmed A. Jerraya	Ferid Gharsalli	Frédéric Rousseau	Samy Meftali
24696299451806ac55ed4295256a2a011d2e4d30	Andrea Arcuri	Lionel Briand	Muhammad Zohaib Iqbal
24b79c8f36133a9c71d6c2eefab8f46535632157	Eric Nyberg	Jeongwoo Ko	Teruko Mitamura
250796f2fa80b2ea557f2728d7a0de5eb0124ab0	Krishnendu Chatterjee
25547f6e6a3c0955e84def318dbe574a9106be4a	Faruk Polat	Reda Alhajj	Utku Sirin
2572e446e2bdaf72942219e9aa183ea96e14c642	Gregory Randall	Juan Cardelino	Marcelo Bertalmío	Vicent Caselles
2586bee6e557fefe4153ea03c244d92102f7c118	Eva Darulova	Viktor Kuncak
25c03ff00d0bed4acaa690d570b7b013342317de	Lang Lin	Wayne Burleson
25f808645ba8d15d3f0d680acd49b3487fc1891f	Daphne Koller	Xavier Boyen
26364baae4556bd6c94bdb74409e9903286ef7c6	Arash Farzan	Rajeev Raman	S. Srinivasa Rao
2649ad59de4f044248b36ce1ad33daeb98e3c7ca	Cristian Riveros	Gabriele Puppis	Michael Benedikt
2696009abd88223e8164f8c22bfafbd93531752e	Jun Xie	Ming-Ting Sun	Rogério Schmidt Feris	Yu-Feng Hsu
26ad6c18609e0d4de3f5616fbd2b6928ab9b816e	C.H. Romine	E.F. D'Azevedo
26bae4f8d04e8f195e3d468defad5b8cc4f945ef	Frédéric Cuppens
26f96ba9abe554ff5e3c5a88e43ba36812ab7879	Jennifer A. Rode	Siân E. Lindley	Tamara Alsheikh
27105937da25fbc516322ebbe30236f509514e0d	Gérald Masini	Karl Tombre	Philippe Dosch
280c5037a7f859eadf6501018b659b350503b209	Daniel Kroening	Jennifer Morris	Philip Koopman
28866d360849ea5c00f79c8f58872de3b7aaeaff	Bilel Nefzi	Ye-Qiong Song
2888efc8858ff1cfb004624a4228e5ace1271dc6	Adrian Munteanu	Jozef Skorupa	Jürgen Slowack	Nikos Deligiannis	Peter Lambert	Rik Van de Walle	Stefaan Mys
28f5ffde6c7e9d53775c3cbecd3d1aee65fe8abb	Xiaoou Tang	Yiwen Luo
2920674386f1d59a4298437d54582e7c41aa72a1	Ines Rehbein	Sandra Kübler	Wolfgang Maier	Yannick Versley
29ab1fb317559718bc468727369bb37ed91d972d	Evica Milchevski	Sebastian Michel
29b6a897e8ef4f9c48b6c847bbef2eabd4506678	César Silva	José Santos-Victor
2a457c79b12c01d480e3eca359f08a804a858d27	Anastassia Ailamaki	Dinesh Manocha	Naga K. Govindaraju
2b370d4e52a64de17c0c4dd3e3bc7fbcbf006c50	Jürgen Dix	Stefan Brass
2ba266b79d833cdfe4f8d16da6c6c10f6b2935c7	Jakub Szymanik	Juha Kontinen
2bf5cd5de7244861ed14e1cd104902e58b7b43a6	Chia-Hung Wang	Hsing Luh
2c31df0855cd391e709cebd98e372a3655255f25	Marta Patiño-Martinez	Genoveva Vargas-Solar	Elena Baralis	Bettina Kemme
2c3b294dbdd5a4b5a913aef37b25147e03d45d91	Fahim Kawsar	Kaori Fujinami	Tatsuo Nakajima
2c422c9ce4b0c609584ec6f9bc43c5ddd87f86e1	Patrick Maupin	Ron van der Meyden	Xiaowei Huang
2cc9e6d894c156faadafe4d75ef9c3e5ae7c8cd3	David Lomet	Mark R. Tuttle
2d15f14ef0a23331cba9494144365ded913e5dc3	David Greene	Matthew Postiff	Trevor Mudge
2da10ae0b05eeb5d2c8c41c39c8842fce75a8d1a	Enliang Zheng	Enrique Dunn	Jan-Michael Frahm	Vladimir Jojic
2e24efd1d26dae508b34827b7f9e5bb92fc6f3b0	Hisashi Kashima	Teruo Koyanagi
2e3308a0eb078b9b9f6f23470e9b90f371e64642	Brendan Mumey	Jian Tang	Kairat Zhubayev	Richard S. Wolff
2ea9a631563554591dac4639aaffe157d775a150	H. Theisel	T. Weinkauf
2ebf08944768caf4e15ae844a763d9994939452c	Anne Thorseng	Miria Grisot	Ole Hanseth
2ec2f8cd6cf1a393acbc7881b8c81a78269cf5f7	Douwe Kiela	Léon Bottou
2ed5c8221097abf41069431f108626f6be791120	Garng M. Huang	Peng Li	Yenpo Ho
2f61cab6dc6246fb12be86752aa1d62173f4733f	Christian Haubelt	Felix Reimann	Jürgen Teich	Martin Lukasiewycz	Michael Glaß
2feb97bd391ef89f65105330b18724e0086d8aa8	Hadas Shachnai	Omer Yehezkely	Tami Tamir
3004e39a7e3139b3094e09c8b3b474a647f270bb	Andrea Cavallaro	Stefan Winkler
3074cffbb72923b6229fc72fd5814e1d09de1290	Ahmed Helmy	Sandeep Gupta	Shamim Begum
3077a41befe3d30e0f348076c1122ef307fa62f0	Daniel Kersten	Zili Liu
309fbeaa395906cd5c5554f8e3b5742f17656a22	Neil Mitchell
315163d3559fc3e298f9b190028d86fe83bdf62f	Byung-Ro Moon	Keehyung Kim	RI (Bob) McKay
31a6424107ddbc18e12f2722e2c72a93f75cd5e7	Ankur Srivastava	Azadeh Davoodi
31c12a7b0f374303c472d1d9fbd656e41e938cac	Chita R. Das	Eun Jung Kim	José Duato	Ki Hwan Yum	Mazin Yousif
31dbd5a56e35a14eb556637a2124207c725bcac6	Efthymia Tsamoura	Ioannis Kompatsiaris	Vasileios Mezaris
322e8b627d89fd082903af8979f335ac24b27271	Eamonn J. Keogh	Michael J. Pazzani
323f596b85a35bce45eac65ff4855e08fcdaa31d	Donald Ferguson	Francisco Curbera	Marcia L. Stockton	Martin Nally
3282cb4b9ec1cda352cc5ed4aa7fcfa9a60b424b	Radu Marinescu	Rina Dechter
32d9aa752afd5242b39b2d288fd9831b60688c4a	Bruce Reed	Michael Molloy
32e2d061edf1ea7d88d95b6cee92f7443210c825	Chang Xu	S.C. Cheung	Yepang Liu
3332653e7f019abd4ce05818db016f40a085ba89	Binyu Zang	Chuanqi Zhu	Tao Bao	Weihua Zhang
33c171926c708b876cc75e84f64bd3a18ea4fbb9	Ayse K.Coskun	José L. Ayala	José M. Moya	Kalyan Vaidyanathan	Kenny Gross	Marina Zapater
33d4973a85f8e87c180952cbcdff6ec695022e0d	Donal J. Flynn	Zahid Hussain
34050164c3f3c29101ad38773ec359c058b08724	David Dagan Feng	Fuhui Long	Hanchuan Peng	Wan-Chi Siu	Zheru Chi
34e21cbfcd1fdbd1f5964fc59db6941a3c740791	Hinrich Schütze
35c672105950bd4b139322355c923f908791afbb	Hesham El Gamal	Jian Tan	Ness B. Shroff	Yang Yang
35d7d4a497bf586a0323893939b015db91ffe86a	Boxing Chen	Roland Kuhn	Samuel Larkin
35f6c6ff65cb188f0d840b1ca45b5d0bcf9d18bc	Ari Arapostathis	Sanjay Shakkottai	Sundar Subramanian
36149815ffb308c6a421dc8e978dc202eb0d91c9	André Seznec
366954363c99333612013ca283ff9640229a0f41	Lei Zhang	Shenlong Wang	Yan Liang
3697307709b52af113469831457f3525d389c7cd	Mark Moir
369a71e89e0890ee32be7886e9d530afd2745e4b	Jeremy Kun	Lev Reyzin
36dc33ae32344c825eab1c985fe1e5be3d5a2ed2	Chunyuan Zhang	Maolin Guan	Mei Wen	Nan Wu
37748c3146850fbf4593599b4073d7515ebe90a2	Haizheng Zhang	Victor Lesser
38082288fb2adcc509484b477c93953a5946b378	Hitoshi Iida	Sumio Ohno	Yoshiko Arimoto
3885c7d8c0155d3905f4a0a3997c0cd28c7a649b	Arnaud Lallouet	Emmanuel Melin	Jérémie Vautard	Sylvain Jubertie
39858e68fad6a18befcab7bf591c4a196f009e40	Benjamin A. Levine	Herman Schmit
39e3e3fa790862b4ba8dcf6c9fd0467560b868ae	Malcolm Hole	Simon Gay
3a717bf3e190bbe7a5788fed67f7c069fef11e37	Kam-Fai Wong	Wenjie Li	Yunqing Xia
3ad6d5c0ce7c5b9cf56afeab77a8ce5a4a531290	Dragos Sburlan	Mihai Ionescu
3aecaacf17f3e5b1eaab9071119c8dfd34e16eeb	Bing Sun	Chao Li	Hoda AlKhzaimi	Lei Cheng	Qingju Wang	Ruilin Li	Vincent Rijmen	Zhiqiang Liu
3af3de384e0c5ccf95fd5aaf8470340f95284cd4	Gerhard Fischer
3b05cef0b2ebbe5acc1e670c411dca5c8f511a70	Minming Li	Shan Chu	Xin Wang
3b0d2ab0a7ce9fa97cb7470b904055f3b81fc73a	Martin Haulrich
3d276b81608d8bfae4b780067e66eb336e301d2f	Carlos Mendez	Daniel Olmedilla	Elena Demidova	Erik Duval	Krassen Stefanov	Michele Dicerto	Philipp Kärger	Stefaan Ternier
3d9add004b34e79629f321724285f7f80e329d9d	Margaret Martonosi	Ozlem Bilgir Yetim
3da7b8c620e1ec58c5ab1086ed2e718a30079b55	Pat Morin	Prosenjit Bose
3dd580aba9d264512d7fb256d42f8fc87dd6df16	Adrien Gaidon	Cordelia Schmid	Zaïd Harchaoui
3ed3723101dee44bd86ffec962fe2eaa9b163ef0	Kaoru Kurosawa	Masashi Mitomo
3f2a902b9a08f4e3438e82669e06fa2b202c4a7a	Colette Johnen	Fouzi Mekhaldi
3f9dec10307af8648608468defd9867a88c5dc59	Cong Ma	Hanghang Tong	Jie Tang	Jing Zhang	Juanzi Li	Yu Jing
3fd7fe70aaa07478c8692d1bed5c8aec675e443a	Rahul Swaminathan
3ffcda598d647dd5cfb8402e177a4fa423817c68	Chris Barber	Joseph Bockhorst	Paul Roebber
400dca736b1571bb9399e0b0ccdce8e165ae37ff	B. S. Manjunath	Don Kimber	Jonathan Foote	Xinding Sun
404a7bb70a535de4ac3edf79543f00293523d486	Anton Leuski	David DeVault	Kenji Sagae
40d9b6e9cd54f067f7f37bbe5c8042e24bed59e0	C.L. Byrne	E.J.Soares	I Lemahieu	S. Vandenberghe	S.GLick
40dd192739e7c7766f0078ae2f4f726eea98194b	Csaba Szepesvári	William D. Smart
40e91979fc4df055a1844f8db9768f70ff35d69f	Frank Neven	Thomas Schwentick
416ac0fd80fc1c2bbbf6322612b254e68787a29e	Guohui Li	Kam-yiu Lam	Tei-Wei Kuo
41b481b811dfe0d42d72b55eca00bf0303ef32ae	Wayne Lyons
41fd083e0779d59a7c587ae42232c526c8efa2fb	Juan A. Sánchez	Pedro M. Ruiz	Rafael Marín-Pérez
42b845dd0a08ca7ef97dc5151e47b83169594fc4	Abdelmajid Khelil	Azad Ali	Neeraj Suri	Piotr Szczytowski
430cf582155ee8f0638b3c811d324c6dbe7e7268	Branka Vucetic	Shuang Tian	Yonghui Li
43a69c96e75be147d11ab023e68c229ed4095a8a	Julie Maitland
43c12359f26b52bee73ea5455dfc4b82325684a3	Arthur Meacham	Joelle Skaff	Robert F. Cohen
4437d5060cbc36c83bebbc499438c8c6141143de	Changcheng Huang	K.Thulasiraman	Ravi S. Ravindran
44415a22ffb1e4b0471433fb6326503af500817b	Ruby B. Lee	Yedidya Hilewitz	Yiqun Lisa Yin
44e178378b2f3a159328bfb4b43adef346eb6aed	Chris Diorio	David Hsu	Miguel Figueroa	Seth Bridges
44ff45665a3aff99c7217266fdda44cc4c752780	Jesus Pinto	Kenneth J. Christensen
450dcb127df546d73710701560b64d984382fef2	Long Lu	Roberto Perdisci	Wenke Lee
454c38a35d1e8527faa3e99473b5e6a9e00ab148	Christian Jacquemin
45d04a0a38c63b2514db70dc9d3f5a1b457ad87d	Donald Kossmann	Ioana Ursu	Laura M. Haas
466b0e6cbbd284eaabe11e6386949c332b4f488e	Michael McCord	Shalom Lappin
46b26e68c5e5074562d5c280bb29dde7c57bad7d	Bir Bhanu	Yingqiang Lin
470b1fd2552c29df1723a4d34d267779797cf869	Antonio Ortega	Lavanya Vasudevan	Urbashi Mitra
472b8c1549ac8483fdc9e6762cf975400e2e0b81	John Regehr	Nathan Cooprider
4746e63e4569c4b46b7c9f7bffbc0fee0816f16c	Maximilian Eibl	Thomas Mandl
47782882d1c795fbc00c483c22a53b44f9640353	B. V. K. Vijayakumar	Krithika Venkataramani	Marios Savvides
4793c8a7a11bf42cc93ba2513e23b82f6fb589c5	Ariel Nof	Benny Pinkas	Shay Gueron	Yehuda Lindell
484d68c064373a95ac8460627812b0d5102462db	Grenville Armitage	Philip Branch	Sebastian Zander
4863fadc066236cd92e29db0ae4b5e21fd8dc47e	Aarno Lehtola	Esa Nelimarkka	Harri Jäppinen	Matti Ylilammi
4866aeb852ab93fe14e78c6709715a984f6fd8e4	David J. Love	Robert W. Heath Jr.
48e196b9be7ac0f37d510e9f9536d5cc33a978d1	Caroline Becker	Hélène Fargier
49f9053a38b340a0dc34ba66904aaa3191fd07de	Pedro Cabalar	Ramón P. Otero	Silvia G. Pose
4a88e97c2377d1ead72223ed18350e0ebfc9dbd2	Charu C. Aggarwal	Jianyong Wang	Jiawei Han	Philip S. Yu
4ab3f629a945fa54a475b8f2a94b6cadc11e01be	David P. Woodruff	Srikanta Tirthapura
4af65043ceed7da2c4d86de1e06f7a66d34248ca	Markku-Juhani Olavi Saarinen
4b4e85a2847d3a38f7eac025404eb2e4c1303697	Alaa R. Alameldeen	Chris Wilkerson	Donghyuk Lee	Onur Mutlu	Samira Khan	Yoongu Kim
4bd69fd738831e063581f0741702d53d02341e82	Krisztián Flautner	Nathan Clark	Sami Yehia	Scott Mahlke
4d14f649dee2d070dff0c8c430a8d3c85a6a0975	Guoqiang Pan	Moshe Y. Vardi
4d8b2b12b9cebe0fead1fde1ff2efb1bff41c2dc	Blair MacIntyre	Steven Feiner
4dc556440e61184f0a23dd2b950833d237d24931	Haitao Li	Jiangchuan Liu	Xu Cheng
4dcb59aec9e87e84c40638b162f3cf318a793d63	Robert Nowak
4e28e5dff30cc829f8f686f6cc0a4c1fc66f387a	Bill Lin	Xiaohan Zhu
4e30e32a60d47e0b43163b0d69590912836d812a	Francesco Scarcello	Gianluigi Greco
4e44fe11f31c7a493fd8f387f9f10de9ae178ae2	Peter Howarth	Stefan Rüger
4e48deaba01c1ff029b074c9f975e071338f98a7	Eduard Mehofer	Jens Knoop
4e59eb5da7a8dd25aef53890c922ccbb9b8a3760	Bin Bin Chen	Mun Choon Chan
4e8495f395beb75bec15ca3ace8a12daa7cb86ea	Daphne Koller	Gal Elidan	Nir Friedman	Noam Lotner
4ec7581789c208df0a928fa1a781c1f2d3650fef	Dan Wei	Gang Li	Honghua Dai	Zhi-Hua Zhou
4ecfc0b40c10522f61eea71bdff519d1f4e5280a	Abdelaziz Khiat	Tsukasa Ogasawara	Yoshio Matsumoto
4efb494ca256374dac097872063f99e8540fbe6a	Beverly A. Sanders	Kyung Hee Kim	Tuba Yavuz-Kahveci
4fd78132537f328a50f7c6bd422ad88d984cd205	Mark Wasson
503ac7fba363efcc05284c9595321ac547789d40	Claire-Michelle Loock	Michael Baeriswyl	Thorsten Staake	Tobias Graml
50557ccad61444a56cc1b4590820461f4806ee7c	Florian 'Floyd' Mueller	Matthew Muirhead
509222cb35a85ec3ac6294165328d634d787d65d	Fangzhen Lin	Haodi Zhang
513127607ef6ba62295c24746d3a994601f88291	Aviral Shrivastava	Ilya Issenin	Nikil Dutt
5141310cd33501ca079fec80b5027809d3ffb27c	Bo Wu	Mei Han	Qixing Huang	Sergey Ioffe
51de67563675a21f41bd2d6c3aa40c35102084e3	Brian Smith	Carlos P. Sosa	Kirk W. Cameron	Xizhou Feng
527322846df25b2df0073d9144da46c5f407d3fd	Jing Xiao	Rayomand Vatcha
52b1f688ddb8f943fa65cc4b875181f6497ae14c	Alexander E. Richman	Patrick Schone
52d662f2dc1b142384d8d099592a04a6aaf28bd1	Elisa Boari de Lima	Mohammed Javeed Zaki	Raquel Cardoso de Melo Minardi	Wagner Meira Jr.
5364bea45421ef737b5ccecaab62ba395a5a1c87	Martin Griss	Thanh-Le Nguyen	Ying Zhang
538cf903089b1c565cacf7f59775b9741502345a	André van Schaik	Craig Jin	Jonathan Tapson	Tara Julia Hamilton
53b74b2e4484476bf615536fbbce073782991cb9	George Chang	Patricia Morreale	Stan Kurkovsky
5404db56f89e7df7449b1a6d8bde459539c45e99	Emilia Stoica	Marti Hearst
559e47c03297bc423c4ee866d042790ea056365c	Daniel S. Weld	Xiao Ling
55e9cd74cba43aad5ab826cabd31c0a6bbe472b0	Konstantinos Aisopos	Li-Shiuan Peh
560d227cc36eda4076c9c29591e8672da7816d19	Benedikt Schmidt	Johannes Kastl	Max Mühläuser	Todor Stoitsev
561549561779d0d382a228f0560ad17415014b59	Almir Mutapcic	David Atienza	Giovanni De Micheli	Rajesh Gupta	Srinivasan Murali	Stephen Boyd
5627207c0e3ffa86cc3a6c23b5762920dfbaeb12	Junho Kim	Seungyong Lee
565cea209c20f5979eb3b5f56cc2f5b5a3bb43d8	Dimitris Mostrous	Vasco Thudichum Vasconcelos
56ac7870c2e378f0184e439f4da6ecddd5efa992	Achim Nohl	Andreas Wieferink	Gerd Ascheid	Gunnar Braun	Heinrich Meyr	Rainer Leupers	Tim Kogel
5800621821d4765e8f9afcaf0bd2ed35896d7c98	Afshin Rostamizadeh	Mehryar Mohri	Yishay Mansour
5844cf322fcf8e250d09fb5d55dbd8643d47e23d	Baochun Li	Zhihua Hu
586ea813658891e9e23f9f9d3d0762690fc06a55	Amir Shpilka	Partha Mukhopadhyay	Shachar Lovett
58a9af178d25f858af0691b1a48845b01bec8c7d	Andrei Zanfir	Cristian Sminchisescu	Marius Leordeanu
58b103b238c257023c85ad35310d9b74d3ebd829	Anthony Vetro	Huifang Sun	Yao Wang
58b7d42d656cffb3257f5bfed9c76c8f13cf47a5	Ezzy A. Dabbish	Robert H. Sloan	Thomas S. Messerges
58ed7620977bd9d38e0829ee287fb0bf8881b2ed	Aly Farag	Ayman El-Baz	Georgy Gimel’farb	Mohamed A. El-Ghar	Tarek Eldiasty
5976dfe36e6122e488bbf6cd3c6b6fc3a6cf75ee	Christian König	Peter J. Haas
5997632dd5d20c954c8e69fe9db59014c066b869	Christopher Kruegel	Clemens Kolbitsch	Engin Kirda
59e0404ac481dfb1098b882d6af58d4f6baddf6e	David A. Padua	Lawrence Rauchwerger
5a3d4ad1b4b2b44895762fe4ef3748625463daa1	Václav Rajlich
5a8ed21f8a58c771422f89f2a28e1c919ee319a2	Jian Sun	Kaiming He
5ae264a424aa8bbfce656a83579812dcc4f5d7bf	Alvaro Barreiro	Roi Blanco
5ae98595bba7eb02ba95df2989871bfa86fb02cf	Lingyun Ruan	Luo Si	Qifan Wang	Zhiwei Zhang
5b0c5f2982b541d1a3a0676bcd5c5f0b32c67926	David Janin
5b2f560103b1cb1ee97cc1a738f345163f0f9a06	Aemen Lodhi	Amogh Dhamdhere	Constantine Dovrolis
5b3342994ffed80182163fc5e5136e46223fc3e7	John Hale	Mauricio Papa	Pablo Galiasso	Sujeet Shenoi
5bab310e6c2ffbefca39408ab74c5a04775a72f1	Leonid Libkin	Michael Benedikt	Timothy Griffin
5bce043dfd1ff932296fc0b53018e79b5d2f349c	Ana Licuanan	Fuchun Peng	Jinxi Xu	Ralph Weischedel
5beca815eebd337f10b20cfa2bf18c0da136e79e	Engin Afacan	F.V. Fernandez	Günhan Dündar	Faik Başkaya	Simge Ay
5bef1d7b6f7d9bc5764ec3917b0592c84c0191ca	Daniel Mossé	Pedro Mejía-Alvarez	Rami G. Melhem
5c1959722d826778ddc662ce73ec48192ebc7aee	Leizer Teran	Philippos Mordohai
5c1c10fb396cbf6368496f1440dc5b905bd1c289	John Winn	Nicolas Heess	S. M. Ali Eslami
5c383bb149c8d0470240785833b0ce25d5ac6381	Nizar Habash
5cbbe09fa8222665760363cb45239de85dae5432	David Poole	Michael Chiang
5cc6c669ee9e341217044367731d0e26df36c305	Endre Boros	Gábor Rudolf	Kazuhisa Makino	Khaled Elbassioni	Konrad Borys	Vladimir Gurvich
5d0a9f886c4a4af96cffe6a7fa406a59681ddda6	Guansong Zhang	Jonathan Chao	Jinoo Joung
5d813dfa3e192db10181a161f7eddc48f0b7421e	Laurenz Wiskott	Tobias Blaschke
5d91ab88d381861c50cc6ddd46a96f7e9d3f15d3	Hangfan Liu	Jian Zhang	Ruiqin Xiong	Wen Gao
5e86b0d98b10858ea2604624a171679d91d99409	Franck Cassez	François Laroussinie
5eab0a56efadbf865121098d07449bc38aa8dbea	Adam Tauman Kalai	Claire Monteleoni	Sanjoy Dasgupta
5eefd0388af610051ae3ce53a0c9aa265ab9fe77	Daniel P. Siewiorek	Thomas L. Martin
5ef874a8f60ad6892924dff1ab0a4de0d221d52c	M. Nourani	M. Akhbarizadeh	S. Vengatachalam
5f52037b807d5c663f12519d1208cbd9b5e2537b	Chavdar Botev	Jayavel Shanmugasundaram
5f7526b8e47fbb274ae6b662c5eeb96e89f4b33f	Dinesh Manocha	Jatin Chhugani	Ming Lin	Pradeep Dubey	Sean Curtis	Stephen. J. Guy
60239e817126f2bcdfd5539f9f9f46a155d7ba3c	Massimo Franceschetti	Nikhil Karamchandani
6053574d2be8793b5165ef2a98f985d82598cbd9	Claire Kenyon
611f8459b9a4aa2b1c50517ee086c7ec5238ab32	Kyo Kageura	Takeshi Abekawa
61383eca2b2442e569fe367351113e86a345f322	Amir Moradi	Tobias Schneider
61b4ba97ce0c27f82b249b68e0740e06d1ebf26e	Dongfeng Han	Wenhui Li	Wu Guo
6204400947100e6ad3e10fbf04db60e8897ccedf	Cristian Riveros	Gabriele Puppis	Sławek Staworko
6214ce3d46d58135730a4509c4cc9aa2cdaa629b	J. Gressmann	R. Tichy	Robert E. Mercer	Sven Thiele	Tomi Janhunen	Torsten Schaub
621b638eed9ca82b83e791f4e85dbe0f349b6bf6	Huawen Liu	Ivan Lee	Jianmin Zhao	Jiuyong Li	Jixue Liu	Lin Liu
627e33a2e7a36adfad219c101b434806d117a70f	Augustus J.E.M. Janssen	Jan Korst	Natasa Jovanovic
628f74fcb2e8644d6900d238bf8e704c9cee7525	Beng Chin Ooi	Christian S. Jensen	Gao Cong	Xin Cao
6290f0f5fcae4b1f7a932a4eacab8087153021bc	Jianwei Huang	Liqun Fu	Soung Chang Liew
638ae7d958f1051cb028c605fc0c4951531b0cd8	Bo Xu	Hu Cao	Huabei Yin	Ouri Wolfson
64029063011f0517967dcb84049fea2e1bf44f2a	Ashikur Rahman	Harichandan Roy	Md. Maniruzzaman	Shuvo Kumar De
6458749436afeea339941d576ce76e9089e3b726	Ahmed E. Hassan	Mohamed Nasser	Parminder Flora	Tse-Hsun Chen	Weiyi Shang	Zhen Ming Jiang
64c8177d989b4332ef3aa39c92b0b48e6c14977a	Graham Cormode	Minos N. Garofalakis
64ea8c10f80e822d4f5335f32ea804141e58871f	Jun Pang	Ton van Deursen	Xihui Chen
650e1d2d78d2000c1cb00fffca61d2620db8e3e5	Dongdong Zhang	Hailong Cao	Ming Zhou	Mu Li	Tiejun Zhao
6518035089d0c87b925c6262bbf5b949d3bb3fff	Guy E. Blelloch	Harsha Vardhan Simhadri	Kanat Tangwongsan
652934effeceb9fb39392a1783064834d506c0eb	Raymond Chun Hing Lo	Ryan Janzen	Steve Mann
654c747a810d22a40104a2964c3e51e980402d39	Antonio Torralba	Ce Liu	Jenny Yuen	Josef Sivic	William T. Freeman
664195adfadd9e7ef5bdd0c7ba43ef00fce6f4a4	Roser Morante
667fb9a723f2ee7261239c0889e3de74ca9f83c3	Alexandre Dufour	Fabrice de Chaumont	Friedrich Frischknecht	Jean-Christophe Olivo-Marin	Johnathan Chabout	Pierre Serreau	Sylvia Münter	Sylvie Granon
66829808bc4827fbdb5b8e11ab8a835d1fdd5ed8	Alexander S. Szalay	Andreas Terzis	Jayant Gupchup	Răzvan Musăloiu-E
67a77d3242a357571541d39c26d305c5dda89445	James Caverlee	Kyumin Lee	Zhiyuan Cheng
67f763eecf4baf4f294b61b136ec916a5d5fab0f	Gerhard Fettweis	Peter Rost
680267751581e41ee8bbb92c36e24572754ee0bc	Andris Ambainis	Ansis Rosmanis	Dominique Unruh
685ae6f041a3f26f8505b2dfe0d4fd1a7c721890	Maneesh Varshney	Rajive Bagrodia
691459e79334ece73a7da52b810c7020e1ba25ff	Antonio Criminisi	Horst Bischof	Marcello Pelillo	Peter Kontschieder	Pushmeet Kohli	Samuel Rota Bulò
6915087f5e2688e50cf2a59f2b29ab1b46ef78a0	David M. Mount	Sunil Arya	Theocharis Malamatos
696385d0b5b3ad778cc85f189bd2ade5a109736d	Roberto Navigli	Simone Paolo Ponzetto
69675e52ab3957157abf7386648bf2dcf314847f	Allison Druin	Benjamin B. Bederson	Björn Eiderbäck	Bosse Westerlund	Catherine Plaisant	Heiko Hansen	Helen Evans	Hilary Hutchinson	Michel Beaudouin-Lafon	Nicolas Roussel	Stéphane Conversy	Wendy Mackay
696c19edb69b37c10ea5ba381cd3a1646aadb024	Bill Dolan	Chris Quirk	Luke Zettlemoyer	Pallavi Choudhury	Svitlana Volkova
696d114f57aa6798a5d16aaf847a78942ab9949f	Nobuyuki Otsu	Takumi Kobayashi
69bd843a037f9d8ed47d1e45b6c458ed836c5154	Can Erdogan	Manuela Veloso
69e46f94b0f4e672ae09c0be08cc8cbb333a5c55	Alex Liebrich	Welf Löwe
6a0e5ff64683f075caffcadf4e0a25c9e52873af	Bruce Gooch	Samuel Rossoff	Vidya Setlur
6a44e2d1d0f624b15fd88ad720019ea9231d57ea	António R. C. Paiva	Cameron Christensen	Elizabeth Jurrus	Julie R. Korenberg	Luke Hogrebe	Michael Bridge	Tolga Tasdizen
6ad1665f3d784ea960922f1ec2a020c62942f61f	Fritz Henglein
6b0d0199bf62aada24d3400e7916441174bb24f6	Manos Antonakakis	Roberto Perdisci	Wenke Lee	Yacin Nadji
6b2b078b15672b13e3f3eea33de171c1241c7a08	Dahlia Malkhi	Gregory Chockler	Michael K. Reiter
6b55eaf27d08910123dfa83aa9d90950f98708e0	Kun Zhang	Min-Ling Zhang
6b8a1e54b9b275dd1bb128c49ffbc227d1365b50	Bikash Sharma	Chita R. Das	Timothy Wood
6bcec9319544fb2913ccb13ccedcbc1013fc1e41	Sylvie Ratté
6bee9cff47809f13b7553c45ea5b6d542beee2f4	Ali Shakouri	Peyman Milanfar
6c1513e2823131a319dbcce4780bdb3e3563c089	Guido Moerkotte
6c580f6d2affca6deab05d11fda89440bceabc65	Mostafa I. Soliman	Stanislav Sedukhin
6c68c0c5edbf23fb9b0a016684877e7636ee9ded	Niklas Lavesson	Paul Davidsson
6cc3318cce3335751a6b9ba68bb9a070c9b1fe00	Jesus Crespo	Juan Carlos Diaz	Pierre Plaza
6ccbb23c80f5b2197e1398d6adaef6a478aefc5a	José C. Palencia Gutiérrez	Michael González Harbour
6d2f4b3c47186ba31933d8aae69f002334bb148d	Henry M. Levy	John Zahorjan	Krishna P. Gummadi	Richard J. Dunn	Stefan Saroiu	Steven D. Gribble
6d30c04f4de777671642372358b4353ecb7a9948	Alessandro Orso	James Clause
6d96312f7bd1ae1191a8123ef1584d55302ab62e	Chul Su Lim	Key-Sun Choi	Myung-Seok Choi
6e3aa26917e92118b4ac14527b6917be56ec8423	Horacio Saggion	Sanja Stajner
6e3c94a077222667a25a19d23f7a990b70b720f6	André Kaup	Jens Bialkowski	Klaus Illgner
6e7a77ea5deba1e3932618bacdf587546fa1ee5f	Jari Korhonen	Wendong Huang	Ye Wang
6e971b18bbafb662c6ed384eedc8c35c25555a0a	Nicholas Roy	Thomas Kollar
6ea7abf5bba97c759d946eb2eeca888144087a1b	Chiyan Chen	Gang Chen	Hongwei Xi
6f2e2f176f9e69c23ab47875c04e206c7bfaca9c	F. Voorhorst	H. J. Zuberbühler	Morten Fjeld	Sissel Guttormsen Schär
6f62bbee7db5ffe8715ef2bf97cc4731f88c7d72	Hellward Broszio	Onay Urfalioglu	Patrick A. Mikulastik	Thorsten Thormählen
6f71e2df2f7f35ed60b72d8ca8e773a0b6e37933	Isao Ono	Jun Sakuma	Ken Harada	Shigenobu Kobayashi
704d3f81e0bc246ba81fb4142f4de74e28d8fb8b	Anshul Gandhi	R.K. Ghosh
706568bf6b58e25d638f694848051dd2e89eab0e	Randy Bush	Timothy Griffin
707ce1521ed15fb11b5ef155d267c5d35bae68f4	John Bear
70ba0f4fc1be330ddeeafd5de246cd2ef4bc67a5	John L. Donaldson	Richard M. Salter
710299089fc8cc7a99beb075d77db2b2f6765b86	Adrian Barbu	Dorin Comaniciu	Richard Socher
7112025246df5edd8794ce08faad8c8a12f0ddae	Christine Legner	Christoph Nolte	Nils Urbach
71209d2d674010ffa4df1a2660f5b9f27721852a	Kaushik Rajan	R. Govindarajan
71683698c378f0e786cc07089264b8d5b6b14108	Chunming Hu	Jianxin Li	Jinpeng Huai
71ecb0756255fe2e52cf8ab08f5d4cc15258e3bd	Jun'ichi Tsujii	Masaki Kiyono
722cb1263d768cf9c09f704f05cf987a0d18ddcb	Gabriel Tanase	José M. Moreira	Lawrence Rauchwerger	Lucia K. Dale	Nancy M. Amato	Shawna Thomas
727631a00de3c8e7c6bc88d15117f3d92ddef307	Carlos E. M. Crestana	Cı́cero N. dos Santos	Eraldo R. Fernandes	Ruy Luiz Milidiú
728d0d23921c83644e9994d038a0690244a3373a	Kimmo Raatikainen	Pauli Misikangas
72a8fd3e4c1066fab3e0e5b4436eeb0173de4867	Blaise Thomson	David Vandyke	Diarmuid Ó Séaghdha	Milica Gasic	Nikola Mrksic	Pei-hao Su	Steve Young	Tsung-Hsien Wen
72f4704b4d005561d8fd8530601cc634ffeefa5c	Charles Nightingale	Geoff Morrison	Jason Morphett	Li-Qun Xu	Yongmin Li
731e671df9e1d2313ddd99698287598e4053c1f0	Hasan Ertan Çetingül	René Vidal
739015190852b999a44b346663ec22e523526c9a	Meishan Zhang	Ting Liu	Wanxiang Che	Yue Zhang
73e740be3313ea47f870fe2ea72a55853b656dc0	Anthony Lombard	Herbert Buchner	Walter Kellermann
73ed6ad9c55c016d11143b3b0754dde744da96e8	Andrzej Pelc	Danny Krizanc	Evangelos Kranakis	Jurek Czyzowicz	Leszek Gasieniec	Miguel Vargas Martin	Prosenjit Bose
7462cfea7382ac0600ab8d3796dfeeb8363fc5ae	Anders A. Hansson	Christof Teuscher
749c6048dc5552f1ab82bb94db38f99f25f6af2f	A. S. Murawski	N. Tzevelekos
7509bc54d64397a0a888715ccf8bca45db0e009c	Elke A. Rundensteiner	Geraldine E. Rosario	Matthew O. Ward	Punit R. Doshi
75349b032ae15efd0dc8ca36532863e7980d95f3	Chenhui Chu	Sadao Kurohashi	Toshiaki Nakazawa
75bed7604b9838a99f7cbaed20a570291395906b	Darius Grabowski	E Barke	Helmut Graeb	Lars Hedrich	Ralf Popp	Sebastian Steinhorst	Stefan Heinen	Yifan Wang
75edee838c237c84b9656a17fdb450ccc4e0e461	Michèle R.Lavagna
76c729d91183d2a0d26945e16c83056e248951bc	Kattamuri Ekanadham	Mark S. Squillante	Vijay K. Naik
77654349912147b32c3119b31e40e0e9de1b8a24	Jun Sun	Lin Xiao	Stephen Boyd
77a2134ed5bbbb0d94639e5adf5e02cb9ddfa6e7	Andrzej M. Goscinski	Eric Jul	Giuseppe Prencipe	Henri E. Bal
77b773c6a2475e1b454acdefa87f7e394222758f	Bradley A. Goodman
77de6ccd8e7a9e395a2aaef5c5dc494b10fc1810	Barry O'Sullivan	Hadrien Cambazard
7830dbfd3f35035c3e17abcc2a2170473d60147f	Patrick Morrow	Sung Kyu Lim	Young-Joon Lee
789dbdf03e7c7b7fba3208e8ade957349179ab1b	Nuno Horta	Nuno Lourenço
78e5bc5c4cec7c6ed9461a207f43525b3861a2de	Ambuj Tewari	P. Gupta	Utkarsh Srivastava
78f43b29c83a10c50eb02f3043ee18b0308c536c	Leif Azzopardi
79334a1f136cd371c70ca4855b165c9cfdfac913	Carlos Miravet	Francisco B. Rodríguez
7944768e48c5747425d859fb2533cf5af6f870bb	Diego Calvanese	Domenico Lembo	Giuseppe De Giacomo	Maurizio Lenzerini	Riccardo Rosati
797473fef2a166d37ccdbec581c7ffab87a3ca8e	Andreas Gerstlauer	Dongwook Lee	Hyungman Park
79787b960e15158dcec30f9e3489bbad407d044d	Jan Fornell
7b62da61abb44f0a04aed5f46cd47ccbb44ebd93	Danny Weyns	Jesper Andersson	Sam Malek
7b65e42250ee0976e33bc675575a6034d3ccb6b8	A. B. Fortes	Renato J. O. Figueiredo
7b78240c786558ce03913a08436ed23ebaa0732c	Dean P. Foster	Sham M. Kakade
7b78ef5b8e9bd558892f135a06e899d4f8ca39e0	Haobo Wang	Malathi Veeraraghavan	Ramesh Karri	Tao Li
7bae3e6cd4a718d870e5675715fa02afd809da46	Hyong S. Kim	Sihyung Lee	Tina Wong
7bb71709dc5e3d3fb5d621e26dd95085aa408de6	Robert Ghrist	Yiqing Cai
7be73fdcb3cc3fedfb1b5775687ec9f6e467c76e	Alfredo Cuzzocrea	Paolo Serafino
7c59b6c3c08c39af621c440a77320d0eb5ecb6d7	Andrea Vitaletti	Silvia Santini	Ugo Maria Colesanti
7cbe83c69de70d09ebad27fe8ce6f9077439f286	Fabio Kon	Francisco J. Ballesteros	Klara Nahrstedt	M. Dennis Mickunas	Roy H. Campbell
7cff08c299d4698b6ff7937eb77f9733315793e2	Lennard Kamenski
7d2d5bd3d7e2ce9de93f22867f3efd0b0a9f593e	Mitesh M. Khapra	Pushpak Bhattacharyya	Salil Joshi
7d7869ea615309aef54288e28e80280fc9b3d9dd	Earl T. Barr	Thanh Vo	Vu Le	Zhendong Su
7d9a884d0289063c250feac2543f8d1ecc1f1e2e	Dimitrios Velenis	Eby G. Friedman	Marios C. Papaefthymiou
7dcf781740ad95c6254440ddad7355f62439ce34	Chengcui Zhang	Giri Narasimhan	Jianhua Yan	Keqi Zhang	Shu-Ching Chen
7eba255302d29dc3acfe5ed98e84ed4d44f51cdd	Chad Hogg	Hector Muñoz-Avila	Ugur Kuter
7eea2cd17195b170c287e6ef5a005bddff936191	Adrian Vetta	Bundit Laekhanukit	Guyslain Naves	Joseph Cheryian
7ef5d638ed8c2791e38fe7e0242a8d15264c0994	Flavio Bertini	Serena Morigi
7f1faf0abe976ded8b4420eeb6c8e41b062e8027	Amy Bruckman	Elizabeth D. Mynatt	Jessica Pater	Yacin Nadji
7f686bc8242866887082cc522bc3fd6caf3fd097	Aswani Rao Jannu	Curtis Dyreson	Kirankanth Mallampalli	Shuohao Zhang	Sourav Bhowmick
7fd4df52d3d364e34acdf6297d1bf69fcf21930a	João Meidanis	João Paulo Pereira Zanetti	Priscila Biller
8008f39a9d0b065e6737e619361c34dbd0c33f43	Jean-Pierre Kocher	Rui Kuang	TaeHyun Hwang	Ze Tian
80128da780f05c906c3dc7892354eec08b106864	Eric Mortensen	Hongli Deng	Linda Shapiro	Thomas Dietterich	Wei Zhang
8033cfd8569dea0a117eda424b3e56efda1244b8	Hamed Mohsenian-Rad	Hamed Narimani	Zahra Baharlouei
8048d44edf05ea0a817a5564e173455af58d1aa2	James Allan	Shiri Dori-Hacohen
809c669fd68bf0264de4ef98dc64a86ab5cc11da	Farzin Deravi	Keith Dimond	M. A. Hannan Bin Azhar
80e015ae1890e8b49a26e0aaba7e60fd716cba96	Dimitrios Gunopulos	George Kollios	Nick Koudas	Stefan Berchtold
8120313ccab66b53b9ae2f7b1a2843c6a8f2c4ce	Alexander Dreyer	Dominik Stoffel	Markus Wedler	Oliver Marx	Wolfgang Kunz
816fef1cebc4319b2cc4829e797ece310d5e3fbb	Avner Magen	Bernard Chazelle	Ding Liu
8172673feed464190e4cddf5ccb91dcf8732fa69	Chi-Keung Tang	Siu-Wing Cheng
81accdcdb41aec4e31ddf4f74283e312e6d42e62	Bin Tong	Guiling Wang	Wensheng Zhang	Zi Li
81ff8885fd11af461fce05cf797ddf175664b305	Charles Dugas	Claude Nadeau	François Bélisle	René Garcia	Yoshua Bengio
820f51be1ca2979d5f48675aac82736e34d7ec32	Pascale Fung	Ping Xu
821db0cc7a93ae3808c5cb047ce66458ffe08284	Huazhong Yang	Hui Wang	Rong Luo	Runsheng Liu
825a2449b969cee4b47ee3bb82d29ea6b69694d0	Guillaume Marceau	Larry Koved	Liangzhao Zeng	Marco Pistoia	Sam Weber	Trent Jaeger	Xiaolan Zhang
825ffb97ceeec3d0b06692ef2609f86d15bfaa3d	Jih-Kwon Peir	Windsor W. Hsu
8297444a8cd9869f4eee1ce706cba788ff4d0ae5	Bassam Jamil	Earl E. Swartzlander Jr.
833c3c98e812712b3d1db379a7ff9f625156be57	Lap-Chung Lam	Tzi-cker Chiueh	Wei Li
83a38d179f1a10a6b956247c4b35c908de0ba164	Aman Dhesi	Purushottam Kar
83bec03f686dd7ae8c1899ba3bf9b94c59666792	Dan Fass
8428abf5247bc83d5e6d2567b85d7df48ca8cca5	Jean-Francois Puget
843e91f6b4c6af9f3863130223bfd1ab2b1bf8ba	Dieter van Melkebeek	Konstantin Pervyshev
8466c5b500969c06ed6db5caa900fd9f700f770c	Arnaud Legout	Ashwin Rao	Chadi Barakat	Don Towsley	Walid Dabbous	Yeon-sup Lim
8487d7633cb48379bb6a80980e6b65b5ec1ba52c	Dan Grossman	Greg Morrisett	Michael Hicks	Trevor Jim
8549ed5656d9ca5461e6e1c8fb11d638b6d8700a	Fred Chow	Peng Tu	Raymond Lo	Robert Kennedy	Shin-Ming Liu	Sun Chan
85d69b4a7c5ed113ce298d14dcac4d1991d2c41d	Gerth Stølting Brodal
860cd3e57d1cf22db695179efbc126ffe69953e8	Ioannis Krikidis	Nicholas Laneman	John Thompson	Zhanwei Sun
866c423265721f40c8b4aa1256ea28c3d65c3812	David McClosky	Sharon Goldwater
8686368908956c506f6e3bbcaa2810adfda14914	Guangyu Sun	Jia Zhan	Yuan Xie
86d8078fc0c48f787ec7cef35513ba7c154c9d11	Christoph Lofi	Michael Loster	Silviu Homoceanu	Wolf-Tilo Balke
86e948c53fcbf3306b81ea2c0a5fb1c0cc255bc9	Eva Zácková	Lubos Popelínsky	Milos Nepil
86f2778e2bdb81b17e5459f7b40267a200486c95	Guang Tan	Stephen A. Jarvis
870842595e84461b9fc13186e5113511af2607f7	Judith Bishop	Nigel Horspool
87a0bb6c396684f456e8c3f661c4934c3a2aaf26	Nektarios Leontiadis	Nicolas Christin	Tyler Moore
87abc0bfbabd753037a6debc1563036fbbde0f6f	Marc L. Smith	Tiffani L. Williams
87cafb474dab6b8a39134da5d02a84178f755c8c	Jacques Malenfant	Philippe Mulet	Pierre Cointe
87fecc2ab2b2829f31508eea9be64703a3872017	James W. Ragucci	Stefan A. Robila
88128abb0c7d0aba91d723a2c93a88716f211eb0	Bo Yao	Chung-Kuan Cheng	Zhengyong Zhu
885306a934ef0f8b6c1038481f04b89a72fd5204	Björn Döbel	Hermann Härtig
885ac5e142b18e116246f82f4b41b72ebeead108	Shuai Cheng Li	Yen Kaow Ng
897c94652cb23d382cc71541116c64988716cb88	Daniel Gajski	Mehrdad Reshadi
89a7ad6f481c83b14976dfcf1c2bfd0921fc7e5d	Christian Schindelhauer	Peter Mahlmann
89e7b978bfa643380360ece500969a34f686b71e	Carmen Banea	Janyce Wiebe	Rada Mihalcea
89f99d34f179495a1f42a96c7b540e3d158fa18d	Ali Ghazizadeh	Shridhar M. Mishra	Tanya Roosta
8a0af4b2251f202afd76b9dfd7b965df3ec45181	C. Seshadhri	Deeparnab Chakrabarty
8aaf85bd448c0e2062098bffa5e2f34fccc9d8a0	Matti Pietikäinen	Timo Ojala	Topi Mäenpää
8ac91263bef0c68447d42909cfc5db8f720746f0	Colin Cherry	Gerald Penn	Xiaodan Zhu
8b0f31d719a6e67c09d51e572f91d65cef702481	Patrice Quinton	Steven Derrien
8b2fcf54b7133b4814b96d1e9a0c6bde036182ac	Ameer M.S. Abdelhadi	Guy G.F. Lemieux
8b48e3fd379c411351afdbd1f290e8b1497de9f4	Henrik Nottelmann	Norbert Fuhr
8b924531c3d85b79939e2048896fc678f4013bb4	Diana Mateus	Loren Arthur Schwarz	Nassir Navab	Victor Castañeda
8ba88447709998191008c2b0c32cd462d26ad199	I. Scott MacKenzie	Steven J. Castellucci
8bd526ca8a639bc6983c2683809e452989e794a3	Koichi Takeuchi	Kyo Kageura	Teruo Koyama
8c9cda4235012258ad90a3fa3b913e75798d91a7	Ernesto Costa	Sara Silva
8cb9943c2dd35ecf6ac3c607f82c27112330b667	Alexander Krauss
8d2d497b2d5f08c024e84307b212510bc8ff8e73	Giridhar Kumaran	Vitor R. Carvalho
8d2e299704a61eba9e4d99c4ac72422df6223b7f	Herbert Suesse	Klaus Voss
8d38bf0f6dc57e2deba9396a05c1d4698db7420d	Andrew Richardson	C. Jeffrey	M Lickess	R Cutajar	S Prosser	Stephen Riches
8d45af8a6797244e5614406a1cfe7980f48760a4	Ananthram Swami	Dennis L. Goeckel	Don Towsley	Ramin Khalili
8d83ba9f4ba3c2cc4e43fa08300d3be2c12b8e9a	Andre Martin	Andrey Brito	Christof Fetzer	Diogo Becker	Stefan Weigert	Stephan Creutz	Thomas Knauth
8daa05aeb1149d6818048364075bac5ac54b4fcf	John C. Lin	Kishore Ramachandran	Sampath Rangarajan
8ea489cdb1dc3a5fd5c6e26b6bac330b17a22ffb	Sang-Jun Han	Sung-Bae Cho
8eca44cf597175a40134327eae94d16809046a2f	Mario Gerla	Markus Forster	Raphael Frank	Thomas Engel
8f145c3e52a7b8629a794209208b7b7522257dc0	Chen Zhao	Ke-Yu Chen	Matthew S. Reynolds	Md Tanvir Islam Aumi	Shwetak N. Patel
8f213c6cdd5ef1c958d135f2bd4c61332678e8a5	Daniel McFarlane	Eric Eaton	Gary Holness
8f36dd712db6b5ad5bc8601259b04f77267cc23a	Ian Rae	Rimma V. Nehme	Willis Lang
8f4f598da2799edb06cb107e2d6170d26bc66868	Claudia Lindner	Mircea C. Ionita	Patrick Sauer	Timothy F. Cootes
8fc22f6f047b46c659805c8697c47c1db2a667a8	Farid Farahmand	Jason P. Jue	Xiaodong Huang
8ff917891a496a5955fe01765d096e1fc39fb031	Eric Rotenberg	Karthik Sundaramoorthy	Zachary Purser
901db37e99eb5891125698f70da42a3ca4ff2268	Janusz Rajski	Jerzy Tyszer	Nilanjan Mukherjee
902987f6705a97f647b9e35781c7bd7728da5f3a	Dmitri V. Kalashnikov	Sharad Mehrotra	Zhaoqi Chen
90671a9c50d0ee64378f43c1d3131ab537e4f601	Benoit Huet	Bernard Mérialdo	Joakim Jiten
908fc76f1f3687f0e2b11e1ec2bf5c3bb0c8746e	Yuanping Zhu
90c9204a3a5514a718032f867a5be955dfdeeb52	David Carrera	Eduard Ayguadé	Jordi Guitart	Jordi Torres	Vicenç Beltran
90e45edd53e813f0ca49c6041a2023a0ff1a809c	Hideaki Yokota	Hideyuki Hamada	Hiroaki Nishi	Michiaki Muraoka	Rafael K. Morizawa
90eb79416e28cf54b1de04402c46ba6a3622d727	Andre Störmer	Gerhard Rigoll
916dedbf7511f09d013715815b8542445e47cf0d	Jason Luu	Jonathan Rose	Keith Redmond	Lothar Lilge	Paul Chow	William Lo
91bcbdf7495ceb1d1197d50d7aaba0a2b1d5f9ec	Chun-Kai Hsu	Fan Lin	Hong Wang	Kwang-Ting Cheng	Shuangyue Zhang
91ce0278b451047ed286dfc80532bbd06d6efbad	Fabio Graziosi	Fortunato Santucci	Marco Di Renzo
91f635799571a71df23a4371767610bf0e0072f4	Riccardo Poli	Yossi Borenstein
92827d914b60c3f58c99e5dfb03b68ee56b0653d	Albert Rubio	Guillem Godoy	Mirtha-Lina Fernández
929fe175ad7f65827fbf3ba48d326ec05e91dee5	Bor-Yiing Su	Jiang Hu	Yao-Wen Chang
92a3f054b54dbf290d63b6f8a841cad3aeef07f4	David Ungar	John Maloney	Randall B. Smith
92d0d490ccd11a403b51f66b344485b5a177a128	Akkihebbal L. Ananda	Kartik Sankaran	Li-Shiuan Peh	Minhui Zhu	Mun Choon Chan	Xiang Fa Guo
92debf0228e0588c09826b27a8b6e3b7d3f9a35f	Andrea E.F. Clementi	Angelo Monti	Gianluca Rossi	Riccardo Silvestri	Tiziana Calamoneri
9358003576232616a4b0be51b04afe0a8ca4c1ba	Heidi J. C. Ellis	Jonathan Damon	Jonathan Raye	Ralph A. Morelli	Trishan R. de Lanerolle
93c22ed6b2f87916eed79b57cfbc4a58fb00691f	Eugene Asarin	Oded Maler	Thao Dang
93cdab44d56b35f6b5973e6d3702d5857a22e4d5	Kiichi Urahama	Kohei Inoue
93e6deb8ac31807df341728a469984add00aed27	Yangchun Fu	Zhiqiang Lin
9438d77304f4ed1512c83b0139f3f10f21bde842	Florian Luisier	Patrick J. Wolfe
9445660d78523c41bdbcd415bfa28b10225ef211	Jendrik Seipp	Johannes Garimort	Malte Helmert	Manuel Braun
944e5ee521cebebddfd52d6ee329163078b24458	Alin Jula	Lawrence Rauchwerger
9466c6c77e79413667585ba55e43f94c26fa4139	Jorge Carrillo de Albornoz	Laura Plaza	Pablo Gervás
9502c89174d5649f0dc4dd04d30445dfbf593f1b	Alberto Leon-Garcia	Ali Tizghadam
955e668df6f2e007f0d924096fae9d3a0d141155	Martin Held	Willi Mann
95e4d53f938ac57df3388051de56cecbe32ff53a	Douglas W. Oard	Yejun Wu
96cbb08e003d5cc9f2e48cd451b4708f1c848140	Tanasai Sucontphunt	Ulrich Neumann	Zhenyao Mo	Zhigang Deng
97379552de008ea2b4c79ba7e1035676df05e196	Gordon V. Cormack	Thomas R. Lynam
9739ab892bc0ee7a5d163039a9b6f32865e5518c	J. J. Garcia-Luna-Aceves	Shree Murthy
976bb9137359d92fbfcdbfae4f153752d63b8d81	Dilip Joseph	Ion Stoica	John Chuang	Nikhil Shetty
978c07e7fb7a7c2370c894855049dc0b54377bac	A. Erhan Nergiz	Chris Clifton	M. Ercan Nergiz
97df764644e7ce64f0053ff64e457f494b7a1f22	Jian Li	Wen Yuan
981344126d8fe709d281000ed5d5288bb443509f	AiTi Aw	Jian Su	Juan Xiao	Min Zhang
981ea1c39aea1edf7ffb62c4faf722a9a2053e97	Andris Ambainis
984d45494026f7a2fc9c4193ee65b5ef35d937ad	Julian Seward	Nicholas Nethercote
98577150ab12e9eee84379d776dc5ebed3169ff7	Brian Robinson	Emerson Murphy-Hill	Will Snipes
9941ffc4346289a3a5e4d414dd6334659d350129	Michael Theobald	Steven M. Nowick
99f9676f460d0a1937f9fdba927ed74e460ca6d7	Alexander Glantz	Andreas Krutz	Marko Esche	Michael Tok	Thomas Sikora
9a44aa6840de4aa1c373401ed18ca9da662c7abb	Balasubramanian Seshasayee	Karsten Schwan	Ripal Nathuji
9a853c3e3743b66b6da0426b725cab4e22edf9ea	F. Richard Yu	Halim Yanikomeroglu	Shengrong Bu
9a95a49b3ed823110acdf8d9fca81edc36563846	Andreas Zeller	Laura Dietz	Tobias Scheffer	Valentin Dallmeier
9ab42e94bf660d641db49b020bad7c498b71333c	Asli Çelikyilmaz	Marcus Thint	Zhiheng Huang
9b488f6e4eb5e39f049b7c7e9894062bfa3c0cc8	Charles A. Bouman	Jan P. Allebach	Jau-Yuen Chen
9bdf685e746dfbfddd51ec3f43ec6269a4ae6c05	Corey Lewis	Daniel Matichuk	Gerwin Klein	Matthew Brassil	Peter Gammie	Sean Seefried	Timothy Bourke	Toby Murray	Xin Gao
9cac441ad3d943b885ceb379ee26fa8c576d3132	Sam T. Roweis
9d490d7537e6687694a90d465c4a8e195e65a374	Bo Han	Bobby Bhattacharjee	Lusheng Ji	Robert R. Miller	Seungjoon Lee
9ef761c6f9ee3b85f83cac78e4e38ea5683794b7	Chadi Akel	Pablo de Oliveira Castro	William Jalby	Yuriy Kashnikov
9f01285ce7c570564e4ad9d12949059eaf826c0a	Daniel Zoran	Dilip Krishnan	Edward H. Adelson	Phillip Isola
9f2bf75372916a735b24d23a2efff79499ede6c1	Kiyoshi Akama	Masaharu Munetomo	Masaru Tezuka
9f9c70214b3c2563b326ac9b78c9f19a8c7c29e2	Abhijit Bose	Kang G. Shin	Mohamed El-Gendy	S.-T. Park
9fa5222ff2145d6f990748154117f91791219e63	Daphna Weinshall	Inna Weiner	Israel Nelken	Tomer Hertz
a00447dbea8174d5723f9057caea43cdc4d9ab87	Dengyong Zhou	Li-wei He	Yang Song
a018e63c23d30a9e16f1c0ba245831b15a943458	Anne Benoit	Fanny Dufossé	Yves Robert
a01f8f2c4c02db05a77541e761f47592546f5a08	Jiong Yang	Shijie Zhang	Shirong Li
a052d2d92771c5c54341a6a3e919c4f33d44a0fb	Cheng-Lin Liu	Kaizhu Huang	Xu-Yao Zhang
a0b155ff4ec9595d9051100ae3c88a3bede73f00	David J. Fleet	Michael J. Black
a0b8be815d1fa7bcfc823bc0c1aaceb1f99ce8aa	Giuseppe Persiano	Paolo Penna	Roberto De Prisco	Vincenzo Auletta
a14d598f88ff8ae7818354366db056e0a5f606a4	Mathieu Salzmann	Pascal Fua	Richard Hartley
a18224294964dbdbba67a541b6700c9ad7ccf7ed	Ann Kuo	Steven O. Kimbrough
a249f887998937abfff8b35e0a7e886b4445e5db	Pin Zhou	Radu Teodorescu	Yuanyuan Zhou
a2b01146796975496ff801a767a6af287a2977bd	Dimitri Van De Ville	Gilles Puy	Jean-Philippe Thiran	Pierre Vandergheynst	Rolf Gruetter	Yves Wiaux
a2c6fa62fd13e2921890b75e9f046bf25878a5c8	Asaf Shapira	Noga Alon
a2d2fee242513c52901ae26486081de08b6ae79a	Daniel D. Suthers
a2fb78276078f0f895babcadc38ba44c21ec2b65	Elisa Heymann	Manuel Brugnoli	Miquel A. Senar	Paul Hurley	Steven Willmott
a344db1d1c27434f04925a5a181dd6c114623b8c	Hongli Zhang	Kendall Nygard	Phillip Reindl	Xiaojiang Du
a348eb0094454ddec400fe4ee14af287092f5571	Daniel Ramos	Julian Fiérrez	Ram P. Krish	Raymond Veldhuis	Ruifang Wang
a38889ba4159db8066cf8d86591eed5bdc759eb4	Greg Wolfe	Jennifer L. Wong	Miodrag Potkonjak
a38d909b3b8649f69878711aaacb8b7073097c83	Peter Habermehl	Radu Iosif	Tomás Vojnar
a3df690fb0e0707bd4fe1f777127988958853b33	Elisabeth André	Thomas Rist
a3f70797af644e05882507e67d71555adaad980c	Minseok Kwon	Sonia Fahmy
a40117bb772c0b1c988a23418212f923ee2b6bd7	Robin Cohen
a4646ebfe6578c3337f239db199949f4f378c2df	Aslihan Celik	JoAnne Holliday	Ping Ding
a47b1dabd4f01aaf5fa9164e0308c4fd6728532f	Ge Cong	Songde Ma
a52f9b1794bb2c777485ce65e54cef769c0f4efa	Alex C. Snoeren	Beverly Schwartz	Craig Partridge	Isidro Castineyra	Matthew Condell	W. Timothy Strayer
a53420a97172498da72ae47da5e61712e0f55337	Christa Schwanninger	Elisa L.A. Baniassad	Gail C. Murphy
a556f8222c44166476c080276b4d9fe31cdf9cf6	Danny Raz	Mark Dilman
a648c4a58f4c9af108f7a193b84227a50bd13d6d	Dinesh Rajan	Hui Liu	Jialin He	Jonathan Landon	Joseph Camp	Onur Altintas	Pengfei Cui	Rama Vuyyuru
a6496553fb9ab9ca5d69eb45af1bdf0b60ed86dc	Cara MacNish	Maryam Mehdizadeh	Mohammed Bennamoun	R. Nazim Khan
a698cd29df9d0f4848dfc8d1fc9e55b84e7b6522	Imali Hettiarachchi	Saeid Nahavandi	Shady Mohamed
a6a9a55ba5d08ad425ac1b8c12abb1da7a8ba74d	Alonso Vera	Andrew Howes	Michael McCurdy	Richard L. Lewis
a6c6c20bbebbfbd9b2cce6523f6a68052e54fb2d	Chengjun Liu	Qingfeng Liu
a75c809b849657455e1ba56bc060899a258469b9	Joydeep Ghosh	Kristen Grauman	Yong Jae Lee
a7a05f4ba398d38852057b3a8183cce5682424ff	Huan Xu	Yu-Xiang Wang
a81d4bf2eeda060e01467548147fedc2bc51a193	Krutartha Patel	Sri Parameswaran
a8826eb273ce0f9744f866ab22fe7d98abfeecd7	Chang Huang	Pramod Sharma	Ram Nevatia
a89d897f978179dd67be5c27a234f8f47d7a5e83	Aydin Buluç	Kamesh Madduri
a955b24538046655713c743dee44ad6500949792	N. Golmie	Olivier Rébala
a95e774d6f2374e7faa329d873f22f213f3a2bbe	Endre Bangerter	Jan Camenisch	Ueli Maurer
a96c964064c3e34bf543f73dd17f70a840d89126	Andrew Tomkins	Bo Pang	Ravi Kumar	Rosie Jones
a9b5821e110c2bc77af8ece773a56e147c8ab26f	Daniel Villa Monteiro	Dominique Barth	Thierry Mautor
a9d520df5906132ce9847d52afe200c0e72c219f	Barbara Dunin-Keplicz	Rineke Verbrugge
aa69e40b81d280de2d3fafc692b419386d508bcc	Ayrat Khalimov	Roderick Bloem	Swen Jacobs
aae6ec06fcc961ed1b1b52f1a6c2cadb05fc66b4	Victor Y. Pan
ac804a7e6863838d1c21e46e8e7fa8da7d67a6f4	Andreas Griesmayer	Charles Morisset
acc898d25708b3a8a8952eea8c871fef5fe2fa3c	David J. Fleet	Pascal Fua	Raquel Urtasun
acd2e3e752258015c367499bb81ce1147e92575b	Michael O. Rabin	Partha Dasgupta	Zvi M. Kedem
ad272397813026158a35bdfdef314bb4fd504756	Benjamin Rossman
ad2ba3d961b14e34375991d9814b8a1082cea9f2	Ashok Kumar Ponnuswami	Parikshit Gopalan	Subhash Khot	Vitaly Feldman
ad6692818a87a121ff8f0b0c5e97357af92737ad	Lavindra de Silva	Lin Padgham	Sebastian Sardiña
ad95a158320143219bd4ceaf4b4ea29693c99ce1	Jehad Ababneh	Jorge Igual	Julio Miró-Borrás	Raul Llenares	Vicente Zarzoso
ae105483b9f227e92e21bab6002c16775f4dad2d	Anna Gringauze	Baruch Sterin	Shoham Ben-David	Yaron Wolfsthal
aeea404fc6b1cc27e0633ae4b656b5996f0635bc	Marc Fischlin	Ran Canetti
af15ccc9484bdf61ecc47cac7052d831971adda0	David Gifford	Gerald Fink	Paula Grisafi	Robin Dowell	Sudeep Agarwala	Timothy Danford
b07b5ae8a3a889f23846a99253951b5022804b3b	Anne Kao	Ashok Srivastava	Bo Zhao	Bolin Ding	Chengxiang Zhai	Chi Wang	Cindy Xide Lin	Duo Zhang	Fangbo Tao	Heng Ji	Jialiu liu	Jiawei Han	Jing Ge	Kin Hou Lei	Marina Danilevsky	Nihit Desai	Nikunj Oza	Qi Li	Rod Tjoelker	Rucha Kanade	Xiao Cheng	Yanen Li
b08699248b55b15255892b07430c9e7396a77dca	Abdullah Zawawi Talib	Hasan S. M. Al-Khaffaf	Rosalina Abdul Salam
b0a7437ddc53339c4182bd2b237b1089cdaa430c	Candace L. Sidner	Charles Rich	Justine Cassell	Timothy W. Bickmore	Yukiko I. Nakano
b0ca43cb523a08ef583bcbb109b5a3136c065413	Eric Marsden	Jean Arlat	Jean-Charles Fabre
b0d4190ea1d153fcf209e7c9005c075a97cf7fdb	Chaiwat Oottamakorn	Shivendra S. Panwar	Shiwen Mao
b0eb5b32303cabe3ab07d7e90e8a292a1d997fd8	Deng Cai	Partha Niyogi	Xiaofei He
b0fabb8e9ccaf902033875ba9652d4527132c7be	Edith C.-H. Ngai	Xiaoyu Tong
b119851db1f1eaa22f4390badb2fb93f975766d2	Jinsong Tan	Louxin Zhang
b138870110b475975af8c3aee694869e04df6063	Alina Ene	Benjamin Moseley	Sungjin Im
b1f94655563b0a8e480dc5a985f5d702f3101bea	Alan F. Smeaton	Paul Ferguson	Peter Wilkins
b208cfb9da7b46aba73c941b0aaa81d859762d50	Amiya Nayak	Ivan Stojmenovic	Rafael Falcón	Xu Li
b28dacef5ebbd5e82dc838d1b18209a42ff84837	Frank Follert
b2a97cec087979569eadcf234c0f102f1e12ff7c	Alexandra Klein	Estela Puig-Waldmüller	Harald Trost
b325d9e28a369ef21a1cb4f3ca33fbe8e67b86b1	Leendert W. N. van der Torre	Yao-Hua Tan
b38d0d30ecafa71910ed28d652a7d1d91bc36f68	Eduardo D’Azevedo	Jack Dongarra
b3c964604c8ec5570ef4ecb52b1342bac06d9a6d	Alok Choudhary	J. Ramanujam	Mahmut Kandemir
b3f374a3745da478bb18f8e9e30a2bbbc65853e7	M. Simoes	Marley M. B. R. Vellasco	Rafael Valle dos Santos	Raul Queiroz Feitosa	Ricardo Tanscheit
b4a6f0cb94b0ea780b183961adfdeee1de2ebafb	Brian C. Lovell	Richard I. A. Davis	Terry Caelli
b4b1b0e154ee8108905e342c67e61fc4c9ed82e2	Maria do Mar Rosa	Miguel Mira da Silva	Nelson Gama
b4ed83b1ff5553baf6e090efa147c514fd17d918	Christos H. Papadimitriou	Mihalis Yannakakis
b4fa48beef3a3ad5c390516978081c0a4df49926	Jinsong Hou	Xianlong Hong	Zeyi Wang
b54b2bec2cdadd7fc6567f659a7e48ab3946e34f	Abdul Naeem	Axel Jantsch	Xiaowen Chen	Zhonghai Lu
b58010af502de1f95cf6da8c7dbb355b0f6395a1	Joel W. Burdick	Richard M. Murray	Timothy H. Chung	Yasamin Mostofi
b590ea73dd03c4445059ef651706e44beaa1865c	Iza Marfisi-Schottman	Jean-Marc Labat	Thibault Carron
b639bcb7e3184909450e7380a0795abd6de4ecdd	Hao Feng	Leonard J. Cimini
b7044834dc766f1031ea1fd5151c48c7faaa3083	P. Felty	Douglas J. Howe
b734b6ebc374cadb8d88953e70cec0e1694ecce9	Isao Yamada	Shunsuke Ono
b74a6bf7e9cc994d360b18c548df5c05ce7da57f	Shan Shan Huang	Yannis Smaragdakis
b84280bf242a01830dc3f566392d8ebb475f77e9	Craig Gentry	Philip MacKenzie	Zulfikar Ramzan
b8c1a67ed6ab59da4a0ef07029f5f09f5e554d11	Hong Hong	Jens Palsberg	Jonathan K. Lee	Rupak Majumdar
b913d1bb258097fc67500b4faa4226252c1135ef	Allison Bishop Lewko	Lucas Kowalczyk
b9c91ac6debea04d21bfe41f9c22646df0496b88	Alexandru Andrei	Paul Pop	Petru Eles	Traian Pop	Zebo Peng
ba0d05218e83ca83cbb665550ecaea722838b456	Anders Søgaard	Dekai Wu
ba19137b9190fbc1631eda53d142c0df59a152e1	David B. Johnson	Santashil PalChaudhuri
ba75337e97728fd1dc43837a1fe53047103f3b97	Dinesh Subhraveti	Marc Vertes	Philippe Bergheaud
ba7a364a5b7a6bb2ecea0cfe3c7cd6eefd3a27b8	Xun Liu	Yuantao Peng
ba8e5ef43f8e9caa97a895ae6aee5edbf63d195c	Benoît Macq	Bruno Piscaglia	Jean-Francois Goudemant	Jean-Philippe Thiran	Patrick Piscaglia	Roger Demeure
ba93ff6fc77308143db0f007463aaea2e98273b4	Chang-Su Kim	Chul Lee	Chulwoo Lee
bc27747ea889ac887597b3c1be71f41b1b6fdb09	Alexandre Proutiere	Mung Chiang	Yung Yi
bcbcd8ccbd9f02e5c6cafe65b04c0be4d66343d6	Nicholas Kushmerick	Rinat Khoussainov
bcc172d921fd61e5c734ffa14689ab5eb6b46186	Amir Roth	Tingting Sha	Vlad Petric
bcd0da043082c9302fe2b4ceb4342f0e408cd2a2	Avishek Saha	Santosh Ghosh
bcf19993f3b45312f8a1292bf8e833ff20bb9d6f	Michal Irani	P. Anandan
bd356aae7227ab28401dcec771945a9207404f5f	Keiji Shinzato	Kentaro Torisawa
bda0d8b6b08d43b005930ef69e101722e2a671db	F. Donelson Smith	Félix Hernández-Campos	Kevin Jeffay
bde0578eeba7210ffb583496aa5397d908c12fd6	Christopher Cieri	Steven Bird
bdeb8cc8b74aa8ad4aa98b374154673e4ef6cfd5	Takeo Kanade	Tsuyoshi Moriyama
be07e82180452b4f54799f21b1443f5a29792ae4	Katsutoshi Hirayama
be74bab0aff76812fb76a83314eaf5eef4ae0061	Alan C. Bovik	Kalpana Seshadrinathan
bea94d5abc8a287cb1f17d85e8e05cfe6130a265	Mani Srivastava	Siddhartha K. Goel	Tamer ElBatt
bf93cbba00613cf85ac932b47aebb0a178298fbc	Adi Shamir	Itai Dinur	Nathan Keller	Orr Dunkelman
bfafdbbae553ff90f1d09ad9be9b189159a19c12	Guoliang Xing	Hing Cheung So	Jianping Wang	Ke Shen	Qingfeng Huang	Xiaohua Jia
c132d1df24dfd319e98231a0afcf8726787271b7	Andrew Lumsdaine	Timo Schneider	Torsten Hoefler
c1566f0aef8aec226d623549692a43c8c9d95ee6	Andrew F. Laine	Elsa D. Angelini	Eric A. Hoffman	R. Graham Barr	Yrjö Häme
c163efa52a8a7c4ed660487f1d5bcedecb68eff5	Hongche Liu	Martin Herman	Rama Chellappa	Tsai-Hong Hong
c1755bc3a259afd32b5a5c0250d0948653716182	Amit K. Roy-Chowdhury	Antony Lam	Christian R. Shelton
c19a3eab7a5f2c37be907993ee066a2e4b368003	Arun S. Konagurthu	Bryan Beresford-Smith	Justin Zobel	Lloyd Allison	Thomas Conway
c22d6d57fc3e2d321ecba65190e9e06aa3d24b0d	Dario Rossi	Marco Mellia	Michela Meo
c246ebc8380779e958b1e7158e2ee395faa97815	Carlos Maltzahn	Dirk Grunwald	Kathy J. Richardson
c2bac9caf1148dbcf5e42245431303fe012e6304	Taieb Znati	Wei Cheng	Xicheng Lu	Xiuzhen Cheng	Zexin Lu
c2c1509ef28b161e07e8c8a50454cd7380671421	Krystian Samp	Stefan Decker
c301d84784a3c51fa21653a286026459538ac7cd	Boleslaw Szymanski	Guohong Cao	Qinghua Li	Tom La Porta	Xuejun Zhuo	Yiqi Dai
c37f9f46b643ba56fcf48315df49556e02bd0b3b	Ying Lin
c3944a8d834a492d2a8a04215faad227b87dabde	Atsushi Igarashi	Benjamin C. Pierce
c39f3a87d6cb305f5ae4b9a75a9a746acab3cca4	Doron Shiloach	Jose Moreira	Livio Soares	Maged M. Michael	Mathieu Desnoyers	Reza Azimi	Robert W. Wisniewski
c3b9e50b9f0e5453df7eefb6ed87034b0a6a94de	Erik D. Demaine	Ken-ichi Kawarabayashi	MohammadTaghi Hajiaghayi
c3d0e2c9dd381ba00aa4654a84d79a00baa12e5a	Ananda Swarup Das	Kannan Srinathan	Kishore Kothapalli	Prosenjit Gupta
c5066e10247a818ebab4a391b81f8acf37d631f2	Jingling Xue	Phung Hua Nguyen
c56db92ac5b4d91a21904b825dbeb6561b8026dc	Andrea L. Thomaz	Charles L. Isbell	Luis C. Cobo
c5c3c6e5359b2e7f864d1ceedc10a93252d01dc4	Moni Naor	Udi Wieder
c5d1049665f4c3de19597105801fea15681bbd90	Hakan Yilmaz	Ismail Sengör Altingövde	Rifat Ozcan	Suleyman Cetintas	Özgür Ulusoy
c5edb00d2774c531b211a2af7b1a25c761b38460	Ann Nowé	Anna Harutyunyan	Halit Bener Suay	Matthew E. Taylor	Sonia Chernova	Tim Brys
c684a54b298b8f5d90b987a873782ccec8648782	Anthony Jameson	Frank Wittig
c6bd57cfe0fee822bd02acda2ca478f88ba5f761	Olaf Hall-Holt	Szymon Rusinkiewicz
c77742d1251eaf21a3ddb72a0c2cdabb8da69d81	Alexander C. Loui	Shih-Fu Chang	Yong Wang
c78822375eac61a9baf5d79fcc40516bb02f4411	Cheng-Kang Chu	Feng Bao	Jianying Zhou	Joseph K. Liu	Robert H. Deng
c80379a96cb4ea08caa8172ca2e4fa19191bbd1e	Liviu Badea
c80f724b06a29b0e9babf4a73ae063fe9d376bd3	Sanjiang Li
c834afb31d85b0d4c70a7afe89ba5127851c7cf4	Anirban Chakrabarti	Govindarasu Manimaran
c88d85208f29bc1ee4dc12c78543750453cc4696	Oliver Keszocze	Robert Wille	Rolf Drechsler	Tsung-Yi Ho
c894d39b331f6cac91afcf1a9c2c825c087928b6	Alexander Healy	Emanuele Viola
c8d03818e3c2b4b656c392ccb43c9f3d9f7b2a06	David S. H. Rosenthal	Jeff Mogul	Mary Baker	Mema Roussopoulos	Petros Maniatis	Thomas J. Giuli
c937c41d4ff8f3732437f45d1f45dddc4234e8e8	Gene Tsudik	Jihye Kim	Stanisław Jarecki
c94352f6b4f5cee9ea2b2f671bef279ba47f7a4f	Andréas Johansson	Neeraj Suri
c995bf62b61e70aec676d9e4effea1ac8290b48a	Hagen Spies	Hanno Scharr
c99942fa3f13f953918d57c46292942303224f14	Chris Kirkham	Christos Kotselidis	Ian Watson	Kim Jarvis	Mikel Luján	Mohammad Ansari
c9acaf4271d6802d4f4773404e5024d248969fd2	Amedeo Premoli	Guido De Sandre	Mauro Forti	Paolo Nistri
cac64c40c687c878943acb8a3fc2dd344ebeb033	Chuanxiong Guo	Dan Li	Gordon Wilfong	Hongze Zhao	Li Erran Li	MohammadTaghi Hajiaghayi	Vahid Liaghat	Y. Richard Yang
cb790d3f51c8e08809f46dd3450570a6febc53b0	Bharath K Sriperumbudur	Harish C Karnick	Prateek Jain	Purushottam Kar
cbb36fcd3c0339f97042ee05e85df6f7fee6edd0	Mong Li LEE	Wynne Hsu	Zhipeng Xie	Zongtian Liu
cbbaec99403a6e1f89ab95571bbee7919691a143	Benjamin Dosch	David Schlangen	Hendrik Buschmeier	Stefan Kopp	Timo Baumann
cc488c1cf406bdb8e22b586a7e98655a7ab913a8	Andrew Laffely	Guy Gogniat	Jean-Luc Philippe	Lilian Bossuet	Vikas Anand	Wayne Burleson
cd5f2a476c6efe1fcafb2fb9cee8c10cb3695394	Ulrich Schöpp
cd9b475d2ee9007278269282e8d0dca33b335d77	André Nichterlein	Sepp Hartung
ce085f8d3b38cabded3680db7c5677523c96c179	Cédric Fournet	Markulf Kohlweiss	Pierre-Yves Strub
ce4253ca1c5b16e96cdbefae75649cd2588f42f3	Daniel Hennes	Dario Izzo
cec0da039d41a1b0553cbe1e772095ad80bf1d76	Jing Wang	Kristin J. Dana
cf67d0d320034cffb469d28665e4ac9cce9be234	Alessandro Vinciarelli	Samy Bengio
d0216f043f9094f129e73c0904bfa7e41ca49c87	Aleksandra Mojsilovic	José Gomes
d038cc08b6fe171c8fd9d09f5e616939b396243d	Gustavo Alonso	Kevin Elphinstone	Timothy Roscoe	Tudor-Ioan Salomie
d088fe22f8760d211b74a807aebd648f12a4c377	Elisabeth Maria Brändle	Jana Schmidt	Stefan Kramer
d0c34b2534382e82450f41d76d6409ee3d1957ce	Pinar Yolum	Reyhan Aydogan
d0d83b2a41de55618375a087c655385ec072b0bf	Arun Rai	Jen-Her Wu	Li-Min Lin	Yi-Cheng Chen
d10813692d7f70fad03e03295d03feeac9c420a2	Nikhil Bansal	Subhash Khot
d108b4a9a38824337abdbf0dec556b3a844cabb8	Pavel Brazdil	Rui Leite
d1efc6361492ce99ed637b1a8eb3a7656f7185aa	Christina Dunning	Daniel Rothfus	Xiao Chen
d1ffb03c40e298edd55bd4ea0bc15dec9efef0f1	Antoine Reilles	Emilie Balland	Paul Brauner	Pierre-Etienne Moreau	Radu Kopetz
d20715e7a78d87468e87504c534f3d6aa5d8b7d9	Jinshan Liu	Nikolaos Georgantas	Sonia Ben Mokhtar	Valérie Issarny
d20ecce4903b489154261753e74de60da5da1c00	Helmut Seidl	Varmo Vene	Vesal Vojdani
d2291a4877e60c0101efff5e0c7df89c5eef5043	D. Terence Langendoen	Yedidyah Langsam
d23231ca2f5610b382b0eb5fe1b66c2857b3f4ed	Hideki Takase	Hiroaki Takada	Hiroyuki Tomiyama	Lovic Gauthier	Tohru Ishihara
d28ea485162baee4c793d2a6dda81fe5b195261a	Gang Hua	Haoxiang Li	Jonathan Brandt	Xiaohui Shen	Zhe Lin
d2964922e081b57fbd57421209c7066079773a95	Haibin Ling	Jun Gao	Wei Li	Weiming Hu	Xiaoqin Zhang	Xue Zhou
d2a3138850a60a640d6c1b3db6b29d8181a2a999	Dave Gomboc	H. Chad Lane	Mark G. Core	Michael van Lent	Steve Solomon
d2ce077ca99d8d72c44fdc27b45bb5d3c7fb2d4e	Charles Greenbacker
d3098fdcf61346d1b8d5fca6219295f01cff10e3	Amar Phanishayee	Kenneth P. Birman	Mahesh Balakrishnan	Stefan Pleisch
d31197f0c650a575c0053b77dbcf27d8801678a9	Chun-Ming Huang	Hsin-Fu Luo	Lan-Da Van	Nien-Hsiang Chang
d319b36adbc333331318ba8c62b6b1e61930f5f1	Timothy Baldwin
d3410166bfbb455765749346517b8bba57457e0f	Carla Maria Dal Sasso Freitas	Liliane Jacon Jacob	Luciana Porcher Nedel	Marcelo Soares Pimenta
d34d45f8d9a193eb07940d808f66f557d380b96f	Hao Jiang	Mark S. Drew	Ze-Nian Li
d56d1a9e7e967d0de2a22367ee681e4e039d285a	Astrid Brietzmann
d5711df0274b3f12b9ff41bbb758a5bf98b08097	Jun He	Justin Pearson	Pierre Flener	Wei Ming Zhang
d5f3260323ba53bd8553838239e402f866ed648b	Ruslan Mitkov
d6292c066ec3e9ebfd9b7e20962abb7262f7ba45	Bernhard Steffen	Jens Knoop	Oliver Rüthing
d63a42dae30f2861cd9195b560a087c0371fde86	Daniel Werner	Wolfgang Mulzer
d6688dc6c2cb8e0a241244f76e7b7d55f3b6246e	Hector D. Flores	Jangeun Jun	Mihail L. Sichitiu	Stephan J. Eidenbenz
d67fc55e48fcf4ec3731df46ceb93d934cbe6fbe	Atlas F. Cook	Carola Wenk
d74756a4860efe80314a2146bdff94a37864f06e	Chikara Hashimoto	Sadao Kurohashi
d76debdeae9dbac8a41a0bece427129bb848a798	David C. Parkes	Sven Seuken
d804f0d5b79346d0fa473407be5810f58ed04876	In-Cheol Park	Ji-Hoon Kim	WonHee Son
d80f25fe74d1e8c2bf6986989ae63477e434b108	Xiang (Alex) Feng
d868c9d6211328fc3ce12631f87491186b8e6f8c	Alex Kinneer	Matthew B. Dwyer	Sebastian Elbaum
d92c59af67332edabc08953925c36a9d4b8015ec	Do Hyun Chung	Guillermo Sapiro	Vicent Caselles
d9879065f8a71fe0ab116e0059c20e2c47067eac	Bart Durinck	Erik Brockmeyer	Ilya Issenin	Nikil Dutt
d9afdf43a5548e261a0d029cd6ca68a92e04cf2e	Jürgen Forster	Manfred K. Warmuth
d9cacd1373873c27597f97bd5593f0841131f05c	Avraham Shinnar	David Tarditi	Mark Plesko	Timothy L. Harris
da696c64a2dd00b9eb0a7e14f29a9526cf700f04	Anil K. Jain	Marie-Pierre Dubuisson-Jolly	Nicolae Duta
da9b4dab133cbd1d41f0efddbda364c89b1ee6c6	Claus-Peter Wirth
da9bb9f2ece9037c2cdb1ae393262c05f9fca1d9	Aarti Gupta	Malay K Ganai	Pranav Ashar
daa73308ea18f9e2571678bb2a9268a0fb7e9d44	Bai-En Shie	Cheng Wei Wu	Philip S. Yu	Vincent S. Tseng
dabccde6f079c0915938b1e4c3d0e1cff9d51508	Chunhua Weng	David W. McDonald	John H. Gennari
db13541c828af9a7958eddc99f56de54d8a17c21	Dobroslav Tsonev	Harald Haas
db778c7cab71ffb52f28d173a6f1b38d21bd6a38	Christoph Koch	Martin Grohe	Nicole Schweikardt
db918a958ddaa59b38117b2431181c9310d3d8d5	Heidi Steendam	Marc Moeneclaey	Nele Noels
db95ca64fbcaca39f5c7a72d9b986c11af23da51	Alfred J. van der Poorten	Michael J. Jacobson Jr.
dbcc0e1746cc354d2611bc99486c260647ed058b	Jiwoon Jeon	Joon Ho Lee	Soyeon Park	W. Bruce Croft
dbd760607652866bcda3e9ff013113915112e713	Keiichi Yasumoto	Minoru Ito	Naoki Shibata	Tatsuhiro Tachibana	Yoshihiro Murata
dc1e722bb1319b964f2b93f2daee72c0d71b79b7	Shu-Min Li	Yao-Wen Chang	Yih-Huai Cherng
dc4e9ab4e1a3bdd24e34a523264ccee5fee19f67	Adam Morrison	Amir Levy	Yehuda Afek
dc6c66eb9a78b2a9395a1289c4985199414db4ed	Gabriella Vigliocco	Irene Fernandez Monsalve	Stefan L. Frank
dc70965164aca36cff4569a5df9350ce41a0ea5e	B.M. WEBB-ROBERTSON	Deborah A. Payne	Susan L. Havre
dc89e01b1b36250cba7b612f3b8bd4b125b3c53a	Andreas Nürnberger	Korinna Bade
dcac25d9432a68cbf47ef1a9bf6a75a2e22e36a9	Deepak Goyal	Robert Paige
dcacac51375716eccd8c6756e5159794c31618f4	Hao Yu	Haoliang Qi	Tiejun Zhao	Xiwu Han
dcb16f8052763035bb69bebaa841cdee4eac1446	Micha Sharir	Vladlen Koltun
dcbf587642c39f495117552ca453a4f955ffa76a	Jitendra Malik	Pulkit Agrawal	Ross Girshick
dd4ebceb91e7c19fba7e6db5a2b8f8cd33cb9c23	Sarita Adve	Vijay S. Pai
de15cd39310ae9eed3d08270f66af3c5b648595e	Mohamed-Ali Daghfous	Mohamed-Slim Alouini	Redha M. Radaydeh
de41e8949248dbb6c7fa1668cd7800ee50b94d30	Jens-Peer Kuska	Ulf-Dietrich Braumann
de43dcf9c42ce5a54a4f0fbdfcfbd43fda640e23	Dong Xu	Ivor Wai-Hung Tsang	Jiebo Luo	Lixin Duan
def0da1c377b46e773c0e8369a6681fb374f1053	Mahesh Mehendale	R. Govindarajan	Subash Chandar G
df412c52c929d6761ad4899b15f73478a9c96645	Xiaoming Liu
df738fa4d854465589202e823c552048a9ab078b	Anoop Gupta	Jonathan Grudin	Liwei He
dfda14b54fd99c58f6aeb84bd9afde17718619e5	Isaac Weiss	Manjit Ray
dff621311792f4430d3a53e808ff831154f35fef	Jennifer F. Linden	Maneesh Sahani
e009cdaccf05bdedf1647cc1600824fb5bfaed31	Ran Duan	Seth Pettie
e0221ead8dfff3fa2d9bef2fbbcfc0d5f12e0f82	Han Xiao	Zhaozhong Wang
e037e9e1ac4db4e41c543a8669356c4e3583de1a	Jon Chamberlain	Massimo Poesio	Udo Kruschwitz
e0999c000e75347c191459df11730d82f14fc904	Iddo Tzameret	Pavel Hrubes
e0b9448a4dceca88b98853381b6c15438bd2456b	John Whaley	Monica S. Lam
e0baeffafecbf56ab02a297a07dac40de099f458	David L. Tennenhouse	Li-Wei H. Lehman	Stephen J. Garland
e0c83dd1f5bf8a0d76961be5769ddb65b06ab7a6	Chen Chen	Hongsheng Li	Junzhou Huang	Lei He
e0dd7d248ff0f32ca3f242e416bf88ecb721f6c1	Dan Liu	Wei Cheng	Wei Tsang Ooi
e1084f298562aa7b5ded1b44333c10bc55cfb5ff	Narendra Ahuja	Tod Courtney
e12b83fe7e5981ac8cd80aaa1c7e92d79b297ca2	Kwang-Cheng Chen	Weng Chon Ao
e14c83c1e3b0557c50618f9da45377f992bd1bdc	Marshall F. Tappen	Paul Scovanner
e18256cb4ce0970ec7cdc5fdea43b6c04328afc1	Katherine A. Heller	Zoubin Ghahramani
e1a616674f63dd54b495d06cf1b7bd59f4cb772e	Gurman Gill	Martin Levine
e1d68f05dc3e2feb3992934984402ec4b49150de	Lei Qin	Qingming Huang	Weigang Zhang	Yanhao Zhang	Yi Liu	Zhongwei Cheng
e1e460995926b5e53fd875d678cf3b77a4b2b70f	Bernhard Haeupler	Fabian Kuhn
e1f2c9b6ae16b4375b9ca45b29a979f24eab7747	Jie Yu	Qi Tian
e1f840729ed5d65cf61c85645fa7e83f2ef55e94	Alexei Yavlinsky	Daniel Heesch
e242493a931e965a80f264d638986e47b2ab3512	Amy K. Karlson	Benjamin B. Bederson
e274cae19efc85e41b7a29e1dbd782cd1a59ba11	Benoit M. Macq	Patrick Bas
e29a9c6ed724de026d69a4f080a9faecced05833	Aidong Zhang	D. Sivakumar	Sreenivas Gollapudi
e2a47dcba4feb732b53468cba3a1f63ef0a91e54	David R. Wood	Michiel Smid	Prosenjit Bose
e2a8e8ca815ae91e57b0b7ed4650da934e8a189d	Gui-Song Xia	Julie Delon	Yann Gousseau
e2c063b73fd9d3faaf45229ed880464b94557fd2	Carsten Griwodz	Dag Johansen	Haakon Stensland	Lorenz Kellerer	Paal Halvorsen	Ragnar Langseth	Vamsidhar Reddy Gaddam
e2c2abc3be8c241c0edc34f19c12b947aa500096	Bradley A. Minch	Carver Mead	Chris Diorio	Paul E. Hasler
e34e62e4f85d96b43c5ffb5a0e92f2526e8a9331	Hiroshi Nakashima	Takashi Nakada
e3d69d55072372bcbcebf04fcf3dd6957841821d	Elisabeth Cuddihy	Judith Ramey	Shirley Lee	Zhiwei Guan
e41efb323986bff06b9e203637a4daa56226f0a7	Mathieu Baudet
e489f285725705211bda1f3d6bf95f6fed3b01b1	Srikanth Srinivasan	Vikraman Arvind
e4f625fb05817b30c04634e7ef4ffb0a074fc0bd	Kensaku Mori	Marco Feuerstein	Takayuki Kitasaka	Tobias Reichl	Xióngbiao Luó
e544f65582bc2ff7c0148c9f01731000eab1f3f7	Ismail Kadayif	Mahmut Kandemir	Ugur Sezer
e562f45562afae6b11cd6125198d1542e8f2d704	Laurent Najman	Roland Levillain	Thierry Géraud
e56671a369b78129e00d9cd4a2e7dcca91144fce	Konstantin Makarychev	Moses Charikar	Yury Makarychev
e576ba18ad8efd5cc1908d2c2d211567fdd9a4bc	Jukka Riekki	Marko Jurmu	Sebastian Boring
e5ea23cce43e0d4ecbb36913f44fdbb290381cbf	Christoph Karg
e62fa49f8d0df0017e32c66836086be4c7541d0f	K. Ben Chehida	M. Auguin
e69b68f4d987a8d58c8266e9948e934fa3593da6	Balaji Krishnapuram	R. Bharat Rao	Rómer Rosales	Shipeng Yu
e6fc8d9016c9a1614d6cbd66d87176ffaccb1d9d	James Clarke	Mirella Lapata
e71a2201cc771be0e10264dc19598ebd2145894f	Ofer Dekel	Philip M. Long	Yoram Singer
e75909dcc1ebb08066a7ab0678e1b77be931d5a1	Donald E. Wynn Jr.	Marie-Claude Boudreau	Richard T. Watson
e795e175c37b3259b80ff239d16949193a024c9a	AJOY K. DATTA	Joffroy Beauquier	Sébastien Cantarell
e7d32de84591b2a2a600882671f6478ed2ce6ecd	C. Bräuer-Burchardt	Christoph Munkelt	Gunther Notni	I. Schmidt	Peter Kühmstedt
e841d59d920ebfbf5a0263862fd1241d62e90ee1	Hiroshi Nakagawa	Tatsunori Mori
e8a65efee25b54a5a1b2b5b2eb29fdae1c9c142c	Alex Borgida	Andrei Tamilin	Luciano Serafini
e8e290e8ab522d1ef6cc2b5aa084a26c685c412a	Kiyoharu Aizawa	Seung-Ryong Han	Toshihiko Yamasaki
e917dca66a480b6dd78d07dade993149d87ed668	Edmund H. Durfee	Ella M. Atkins	Kang G. Shin
e9bf3ec7a285e294583180429ff975623db83258	Vladimir Vovk
e9de149a4837283e70e318ab7aff47765d33b5ba	Guangyu Chen	I. Demirkiran	M. Kandemir	Mary Jane Irwin	O. Ozturk
ea1b9fbca07f0952864567f18cecc64fcea0d798	Annabelle Chardin	Patrick Pérez
eacb50888c8521510ff92687c264ffca801e1de7	Bjoern Dusza	Christian Wietfeld	Christoph Ide
eaff2675c590565ad68935fe6acd60dca19ba9d4	Joe Hendrix	José Meseguer	Manuel Clavel
eb3997d38b7c97d06ae22c4a596e4b8c538090c5	Andreas F. Koschan	David L. Page	Hamparsum Bozdogan	Mongi A. Abidi	Sreenivas R. Sukumar
ec0c39556df3d5cd3d78c16a471e4c4b7dfeed36	Shing-Kit Chan	Wai Lam	Xiaofeng Yu
ec8d6f4e30301299d55e35c0b2b15ab717f8760e	Jason A. Poovey	Jesse G. Beu	Paul D. Bryan	Thomas M. Conte
eca76b5f5632f69ee01c6070484d496231effdc6	Clifton McFate	Kenneth Forbus
ecdfa193a12f7d2cb6226e26d96ce23a4d1518c1	Jianzhong Li	Nan Tang	Wenfei Fan	Wenyuan Yu
ed4157ab7877feeced3bcf3dcb8e5c43d1464458	Amit Sahoo	Krishna Kant	Prasant Mohapatra
edbfe47c3a876c5bc33f3f12ae2ee2a6616fe950	Ariel Orda	Dean H. Lorenz
edc579420a2335319309ca59f88925155509d149	Mingcai Zhou	Xiaoyan Wang	Xuetao Feng	Yangsheng Wang
edda90a35218df78ab40bc93bbeeb0ddd29a9e57	Jaskirat Singh	Sachin S. Sapatnekar
ee3eec6fff87b6f16370428fca7d48e7804e0929	Johannes Köbler	Vikraman Arvind
ee6b503ab512a293e3088fdd7a1c893a77902acb	Cheng Jin	Jianping Fan	Wei Wu	Xiangyang Xue	Yang Li	Yuejie Zhang
eedf5745db7faac46f287b2e6782dc02634095a8	James Allen	Peter Heeman
eef4dce872b5817b7b2c41a83f9b42d54b61fc20	Diogo S. Martins	Lílian S. Oliveira	Maria da Graça Campos Pimentel
ef1c5a773905dfe6690c5f811849afd669c76e0b	Allen Y. Yang	Nikhil Naikal	Shankar Sastry
ef3f7f61d705962f6dad275f13787aa2597e876a	Fan Chung	Linyuan Lu	William Aiello
f0c6c77f9c41bcea9e02544f68ec658707564aa5	Carl L. Fales	Friedrich O. Huck	Zia-ur Rahman
f13ad07fdf160544dd91fbe41fb0d73edc91b611	Mika Rautiainen	Tapio Seppänen	Timo Ojala
f18de2285ce5a5c0ed23ab985f4624e8ba38e91a	Anthony T. Chronopoulos	Brian R. Toonen	Nicholas T. Karonis	Satish Penmatsa
f1e9ea5817dadd2573e421ce3a85d1882a103dee	Asif Mehmood	Nasser M. Nasrabadi
f21963edfe17433ab6cc8fe81031f325f312b7cf	Fabio Somenzi	Mohammad Awedh
f22caf8b1c32e0eb5bc7652be3397525d46c1af2	Chris Rowen	Steve Leibson
f28cf51316d89184fb90680722b3c7d693234589	Jacob Chakareski	Pascal Frossard
f291027938554c2728ecd04be6aa0baba7e6b48e	Alon Cohen	Dan Klein	David Burkett	David Leo Wright Hall
f2f8850137d85e12d9e41b36c76bb29f9057d8c0	Joan Boyar	Magnus Gausdal Find
f303df82c8ffcb9b8c403a7d3f6d3249f682f9ef	Jun Zheng	Xianzhong Tian	Yi-hua Zhu
f309e2ab5ee2e41db3068289d9420fb59fb11ba9	David S. Watkins	Greg Henry	Jack Dongarra
f31f8b60d0f068e429429a6b3ec019981d37b2a3	Gabriela Andreu-García	Jose Miguel Valiente-Gonález	Juan Rosell-Ortega	Vicente Atienza-Vanacloig
f3377046d4d5885b15ca06a2b92dc2afc9dc66bf	Gérard G. Medioni	Jongmoo Choi	Yuping Lin
f37c20127d4ae5dbac125975d1451183684f655c	Ben L. Titzer
f387e4aab6fce0f2f2f5013fbda17927bb405dbb	Ayse Basar Bener	Gülfem Isiklar Alptekin
f3d82fe2aea0a862f44109c6f30716641aee5b52	David Blaauw	Sanjay Pant
f48039d7555bd7ccbdf676aad84c09e462fe832b	Alberto Sanfeliu	Miguel Sainz
f4e13336bf10d8b0f3568846608b35b270559112	Hao Zhong	Zhendong Su
f4e23c9fa4b339c57d68cbb4d16aca3cc127ff23	Donald Adjeroh	Fei Nan
f524377600d2c08c46ca93ce9fb04527a7ab631e	Asaf Ziv	Dimitrios Papadopoulos	Leonid Reyzin	Moni Naor	Sachin Vasant	Sharon Goldberg
f552dbf87817718b2e09f30e60cbcf288dbd54c5	Chi Ho	Danny Dolev	Mark Bickford	Robbert van Renesse
f5a4c371a430f0614fe9ce4256e362bdd652fb9d	Changyuan Yu	Deeparnab Chakrabarty	Gagan Goel	Lei Wang	Vijay V. Vazirani
f5cc4779cd05fdfba6f83527f23c9b41a401a1d1	Ali R. Butt	Deepak Kenchammana	Kaladhar Voruganti	Min Li	Shravan Gaonkar
f61aaf2a3c8ecdad50e54445f1e0352bf16c21aa	Cheng-Yue Chang	Ming-Syan Chen
f699718b19ac7d828eed20b9117f98bfbf4d757f	Hyeong In Choi	Hyeong-Ah Choi	Jae-Hoon Kim	JungKyo Sohn	Mira Yun	Yanxia Rong	Y. Zhou
f699a9f627dd5f4aca208ba1ff9ed4dd518e783d	Bo Zhai	David Blaauw	Dennis Sylvester	Ronald G. Dreslinski	Trevor Mudge
f6b15713c4a3fe92e20e788c3abf376861fa207e	Huaiyu Zhu	Xian-He Sun	Yong Chen
f6f38ffc188aad586cfdd699107adfb5ef9efa81	Biswanath N. Chatterji	Rabi N. Mahapatra	Sudipta Mahapatra
f7706a02cc5c6fe33083e103a54780fe989961bc	Shafi Goldwasser	Yael Tauman Kalai
f8306f2220c19b819398d5f1381a18b722e1fc62	Björn Hartmann	Kenrick Kin	Maneesh Agrawala	Tony DeRose
f848c211568a773a617606bf2f5b2a8f508b1130	Ganesh Gopalakrishnan	Guodong Li	Peng Li
f8c81bb46bff2c69bc9842da310ca90f384fbc1e	James Crawford	Jeremy Frank	Lina Khatib	Ronen I. Brafman
f9478e5634f5d8e445d37b853a744eb92a24d91b	Wen-Shiaw Peng	Yen-Kuang Chen
f9c56628889c182dc5116b0f3e00a330e27df11a	Heng Zhang	Jia-Huai You	Yan Zhang
f9ff1de3aba0e53b44bbe285dbee29c53b0f8322	Simon Tucker	Steve Whittaker
fa1f4f34cf4502ede6257305ed8e6c808b6b3643	Daphne Koller	Huayan Wang
fa95c114361d0432da2e09f3c04f147e11a2afe7	Denis Zorin	Peter Schröder	Wim Sweldens
faf4400fefa1a5cefa128d65f23eba8cc2003eaf	Andrea Ferrara	Guoqiang Pan	Moshe Y. Vardi
fafa8b955349d3f9d674ddde9b18f4afed7cbc87	Dennis Sylvester	Yu-Shiang Lin
fb05df2acb8c5324a2b2822e0d663e4a2be16050	Abbas Mehrabian
fb59b92223510f362b2327ee1812116b65b0700d	Anne D. Collins	Pankaj K. Agarwal	Robert-Paul Berretty
fb766022a9562abc47ae28e9253e77a1c3dd9880	Dongdong Ge	Esther M. Arkin	Michael A. Bender
fbd66152838f2bda46298e369e954a22d31ff6d1	Alan Willsky	Andy Tsai	Anthony Yezzi
fc2866c60770b4565e32267781c8ff361ba51cd8	Alok Choudhary	Gokhan Memik	John Kim	Prabhat Kumar	Yan Pan	Yu Zhang
fc7be62a88b612b72c4237d9b5cad18d8aa14b26	Aidong Zhang	Jing Gao	Liang Ge	Xiaoyi Li
fcaa8a21ca57018216f5364f6b8f1dee2ab9afc0	Corrado Leita	Engin Kirda	Ulrich Bayer
fd070aee3dd9c07f2f2d9634445ba9495d10924c	Di Zhu	Massoud Pedram	Naehyuck Chang	Siyu Yue	Yanzhi Wang	Younghyun Kim
fd2dd8d327fa678113fc455f8c8a3f9b39d29fe9	George Fitzmaurice	Justin Matejka	Tovi Grossman
fdf2d28f1129b37e9d7c61f618056b81e9972c08	Andrew W. Moore	Dan Pelleg
fdf6a55f332d46a78c017f2fe14e6be44637e64a	Mark Siskind	Quaid Morris
feb911e9bcaa89c48a388e211e8bbfff2be2c7bc	Atsushi Ohori	Isao Sasano
ff35fe0737592342095d250ca35b2d3b6c2f46a7	Alexander Jaffe	Amit Chakrabarti	James R. Lee	Justin Vincent
ff7dffd272b593355b9d3b86f887d9941c63af22	Claire F. Fang	Rob A. Rutenbar	Tsuhan Chen
