<configuration>

    <appender name="STDOUT" class="ch.qos.logback.core.ConsoleAppender">
        <encoder>
            <pattern>%d{HH:mm:ss.SSS} [%thread] %-5level %logger{36} - %msg%n</pattern>
        </encoder>
    </appender>

    // PDFBox and FontBox are extremely verbose so for STOUT keep them quiet
    <logger name="org.apache.pdfbox" level="ERROR"/>
    <logger name="org.apache.fontbox" level="ERROR"/>

    <root level="debug">
        <appender-ref ref="STDOUT" />
    </root>
</configuration>